left_out_donor_key	n_cells_remaining	pooled_pearson_r_excl	pooled_spearman_rho_excl	delta_pearson_r_vs_full
Chen_2024_Cancer_Cell||Chen_2024_Cancer_Cell.P01	291612	0.4406077265739441	0.5091561643500923	0.0008736550807952881
Chen_2024_Cancer_Cell||Chen_2024_Cancer_Cell.P02	295758	0.44064539670944214	0.508661997114023	0.000911325216293335
Chen_2024_Cancer_Cell||Chen_2024_Cancer_Cell.P03	289754	0.4462782144546509	0.515757497018098	0.006544142961502075
Chen_2024_Cancer_Cell||Chen_2024_Cancer_Cell.P04	295713	0.44033247232437134	0.5082891822419354	0.0005984008312225342
Chen_2024_Cancer_Cell||Chen_2024_Cancer_Cell.P05	293625	0.4404999911785126	0.5079252151770529	0.0007659196853637695
Chen_2024_Cancer_Cell||Chen_2024_Cancer_Cell.P08	293166	0.440647155046463	0.509322208976274	0.000913083553314209
Chen_2024_Cancer_Cell||Chen_2024_Cancer_Cell.P09	295252	0.44042420387268066	0.5085473696150286	0.0006901323795318604
Chen_2024_Cancer_Cell||Chen_2024_Cancer_Cell.P14	292331	0.44218698143959045	0.5111713763209729	0.0024529099464416504
Chen_2024_Cancer_Cell||Chen_2024_Cancer_Cell.P12	296768	0.43992364406585693	0.5074269171336783	0.00018957257270812988
Chen_2024_Cancer_Cell||Chen_2024_Cancer_Cell.P15	294116	0.43977734446525574	0.5078962837421851	4.3272972106933594e-05
Chen_2024_Cancer_Cell||Chen_2024_Cancer_Cell.P16	295985	0.44021308422088623	0.5079733308771613	0.00047901272773742676
Chen_2024_Cancer_Cell||Chen_2024_Cancer_Cell.P17	295437	0.4395185112953186	0.5073904821150659	-0.0002155601978302002
Chen_2024_Cancer_Cell||Chen_2024_Cancer_Cell.P18	293134	0.4414791464805603	0.5098105543496054	0.001745074987411499
Chen_2024_Cancer_Cell||Chen_2024_Cancer_Cell.P19	293057	0.44054803252220154	0.5084746515804048	0.0008139610290527344
Chen_2024_Cancer_Cell||Chen_2024_Cancer_Cell.P20	295853	0.43988993763923645	0.5077610309487868	0.00015586614608764648
Chen_2024_Cancer_Cell||Chen_2024_Cancer_Cell.P21	295998	0.4404594600200653	0.5079556734097999	0.0007253885269165039
Chen_2024_Cancer_Cell||Chen_2024_Cancer_Cell.P22	295488	0.4402785301208496	0.5083477771073167	0.0005444586277008057
Chen_2024_Cancer_Cell||Chen_2024_Cancer_Cell.P23	292617	0.44485175609588623	0.514241351546632	0.005117684602737427
Chen_2024_Cancer_Cell||Chen_2024_Cancer_Cell.P25	296478	0.4406467378139496	0.5081419593378416	0.0009126663208007812
Chen_2024_Cancer_Cell||Chen_2024_Cancer_Cell.P26	296299	0.44019681215286255	0.5079198153350979	0.0004627406597137451
Joanito_2022_Nat_Genet||Joanito_2022_Nat_Genet.SC035	296492	0.43936896324157715	0.506811447633233	-0.0003651082515716553
Joanito_2022_Nat_Genet||Joanito_2022_Nat_Genet.SC040	296926	0.43915989995002747	0.5059294417012397	-0.0005741715431213379
Joanito_2022_Nat_Genet||Joanito_2022_Nat_Genet.SC043	296590	0.4389216899871826	0.5057515265420367	-0.0008123815059661865
Joanito_2022_Nat_Genet||Joanito_2022_Nat_Genet.SC044	296950	0.4393277168273926	0.5065165712956218	-0.0004063546657562256
Joanito_2022_Nat_Genet||Joanito_2022_Nat_Genet.CRC2795	296996	0.4395808279514313	0.5070645993381505	-0.0001532435417175293
Joanito_2022_Nat_Genet||Joanito_2022_Nat_Genet.CRC2801	296612	0.4391627013683319	0.5059725074859707	-0.0005713701248168945
Joanito_2022_Nat_Genet||Joanito_2022_Nat_Genet.CRC2803	296271	0.43935006856918335	0.5067776358929137	-0.0003840029239654541
Joanito_2022_Nat_Genet||Joanito_2022_Nat_Genet.CRC2811	296470	0.438577264547348	0.5049236488096476	-0.0011568069458007812
Joanito_2022_Nat_Genet||Joanito_2022_Nat_Genet.CRC2816	296960	0.43946123123168945	0.5068354383237205	-0.0002728402614593506
Joanito_2022_Nat_Genet||Joanito_2022_Nat_Genet.CRC2817	296857	0.4391127824783325	0.5058948516750083	-0.0006212890148162842
Joanito_2022_Nat_Genet||Joanito_2022_Nat_Genet.CRC2821	296248	0.4400128126144409	0.5084004515066995	0.00027874112129211426
Joanito_2022_Nat_Genet||Joanito_2022_Nat_Genet.CRC2841	296230	0.43888694047927856	0.5062578803731067	-0.0008471310138702393
Joanito_2022_Nat_Genet||Joanito_2022_Nat_Genet.CRC2899	296193	0.438512921333313	0.5052583120666401	-0.0012211501598358154
Joanito_2022_Nat_Genet||Joanito_2022_Nat_Genet.CRC2783	296860	0.4391530156135559	0.5060989537896833	-0.0005810558795928955
Joanito_2022_Nat_Genet||Joanito_2022_Nat_Genet.CRC2787	296896	0.43923550844192505	0.5062632575773963	-0.0004985630512237549
Joanito_2022_Nat_Genet||Joanito_2022_Nat_Genet.CRC_JSC_S02	296726	0.43883809447288513	0.5051913073363672	-0.0008959770202636719
Joanito_2022_Nat_Genet||Joanito_2022_Nat_Genet.CRC_JSC_S05	295120	0.4365037679672241	0.501299443882763	-0.0032303035259246826
Joanito_2022_Nat_Genet||Joanito_2022_Nat_Genet.CRC_JSC_S06	296495	0.43844226002693176	0.5042980964653976	-0.001291811466217041
Joanito_2022_Nat_Genet||Joanito_2022_Nat_Genet.CRC_JSC_S07	296542	0.4385535418987274	0.5046136486586722	-0.0011805295944213867
Joanito_2022_Nat_Genet||Joanito_2022_Nat_Genet.CRC_JSC_S10	295501	0.43684330582618713	0.5007993075327543	-0.00289076566696167
Pelka_2021_Cell||Pelka_2021_Cell.C103	292968	0.43772923946380615	0.5050199569034796	-0.0020048320293426514
Pelka_2021_Cell||Pelka_2021_Cell.C104	295811	0.440037339925766	0.5074253757271125	0.0003032684326171875
Pelka_2021_Cell||Pelka_2021_Cell.C105	296240	0.4404817819595337	0.5077070520324705	0.0007477104663848877
Pelka_2021_Cell||Pelka_2021_Cell.C106	296543	0.4399484694004059	0.5073059719154923	0.00021439790725708008
Pelka_2021_Cell||Pelka_2021_Cell.C107	295379	0.4389137029647827	0.5066743105764341	-0.0008203685283660889
Pelka_2021_Cell||Pelka_2021_Cell.C109	295924	0.4401419162750244	0.5077479565505818	0.00040784478187561035
Pelka_2021_Cell||Pelka_2021_Cell.C110	296535	0.43916183710098267	0.5062307007268071	-0.0005722343921661377
Pelka_2021_Cell||Pelka_2021_Cell.C111	296907	0.43963468074798584	0.5070673943359183	-9.939074516296387e-05
Pelka_2021_Cell||Pelka_2021_Cell.C112	295840	0.4410962462425232	0.5077736512559078	0.0013621747493743896
Pelka_2021_Cell||Pelka_2021_Cell.C113	294796	0.43949973583221436	0.507120797577953	-0.00023433566093444824
Pelka_2021_Cell||Pelka_2021_Cell.C114	296025	0.4402007758617401	0.5075989326442769	0.0004667043685913086
Pelka_2021_Cell||Pelka_2021_Cell.C119	296302	0.4405286908149719	0.5078110300104653	0.0007946193218231201
Pelka_2021_Cell||Pelka_2021_Cell.C122	295455	0.44123902916908264	0.5081618397345244	0.0015049576759338379
Pelka_2021_Cell||Pelka_2021_Cell.C123	293630	0.43951302766799927	0.5072822701949588	-0.00022104382514953613
Pelka_2021_Cell||Pelka_2021_Cell.C124	296539	0.4402042627334595	0.5078188210651017	0.00047019124031066895
Pelka_2021_Cell||Pelka_2021_Cell.C125	295345	0.44002631306648254	0.5073451286357308	0.00029224157333374023
Pelka_2021_Cell||Pelka_2021_Cell.C126	296719	0.4397614300251007	0.5071273434335835	2.7358531951904297e-05
Pelka_2021_Cell||Pelka_2021_Cell.C129	294328	0.4395500421524048	0.5085280125357082	-0.00018402934074401855
Pelka_2021_Cell||Pelka_2021_Cell.C130	294335	0.4384765028953552	0.5056827798020358	-0.001257568597793579
Pelka_2021_Cell||Pelka_2021_Cell.C132	296161	0.43964141607284546	0.5074159855164289	-9.265542030334473e-05
Pelka_2021_Cell||Pelka_2021_Cell.C133	296361	0.4390372633934021	0.5060671752469293	-0.0006968080997467041
Pelka_2021_Cell||Pelka_2021_Cell.C134	296179	0.4385624825954437	0.5061617076736312	-0.0011715888977050781
Pelka_2021_Cell||Pelka_2021_Cell.C135	296661	0.43990182876586914	0.5072304359139838	0.00016775727272033691
Pelka_2021_Cell||Pelka_2021_Cell.C136	296176	0.44041258096694946	0.507841533503159	0.0006785094738006592
Pelka_2021_Cell||Pelka_2021_Cell.C137	296797	0.4397696256637573	0.5072111871515131	3.555417060852051e-05
Pelka_2021_Cell||Pelka_2021_Cell.C138	296924	0.43975117802619934	0.5070607289630397	1.710653305053711e-05
Pelka_2021_Cell||Pelka_2021_Cell.C139	294840	0.4423692226409912	0.5093788102919169	0.0026351511478424072
Pelka_2021_Cell||Pelka_2021_Cell.C140	295002	0.4404474198818207	0.5072053613317921	0.000713348388671875
Pelka_2021_Cell||Pelka_2021_Cell.C142	296207	0.4402918219566345	0.5079801553273572	0.0005577504634857178
Pelka_2021_Cell||Pelka_2021_Cell.C143	296319	0.4402289092540741	0.5076627716677221	0.000494837760925293
Pelka_2021_Cell||Pelka_2021_Cell.C144	296587	0.4399399161338806	0.5077171172082036	0.00020584464073181152
Pelka_2021_Cell||Pelka_2021_Cell.C145	295234	0.44119682908058167	0.5084630421832511	0.0014627575874328613
Pelka_2021_Cell||Pelka_2021_Cell.C146	295488	0.44024863839149475	0.508289340254767	0.0005145668983459473
Pelka_2021_Cell||Pelka_2021_Cell.C147	295317	0.439108669757843	0.5065420002889109	-0.0006254017353057861
Pelka_2021_Cell||Pelka_2021_Cell.C149	296414	0.4398888647556305	0.5074488740038853	0.00015479326248168945
Pelka_2021_Cell||Pelka_2021_Cell.C150	295907	0.4403786361217499	0.5075639873685506	0.0006445646286010742
Pelka_2021_Cell||Pelka_2021_Cell.C151	296986	0.4395754933357239	0.5069141672696429	-0.00015857815742492676
Pelka_2021_Cell||Pelka_2021_Cell.C152	296362	0.4399332106113434	0.5074905601613624	0.00019913911819458008
Pelka_2021_Cell||Pelka_2021_Cell.C153	294726	0.44038617610931396	0.5082511617178208	0.0006521046161651611
Pelka_2021_Cell||Pelka_2021_Cell.C162	290416	0.449156254529953	0.5136014944281968	0.0094221830368042
Pelka_2021_Cell||Pelka_2021_Cell.C115	296802	0.43999242782592773	0.50727581830092	0.00025835633277893066
Pelka_2021_Cell||Pelka_2021_Cell.C116	296939	0.4397903084754944	0.5071079822545214	5.6236982345581055e-05
Pelka_2021_Cell||Pelka_2021_Cell.C118	296238	0.4396824836730957	0.5074719822105185	-5.1587820053100586e-05
Pelka_2021_Cell||Pelka_2021_Cell.C154	295613	0.4396684765815735	0.5074428676088168	-6.559491157531738e-05
Pelka_2021_Cell||Pelka_2021_Cell.C155	296211	0.44028526544570923	0.5074592800367805	0.0005511939525604248
Pelka_2021_Cell||Pelka_2021_Cell.C156	296876	0.4398401081562042	0.507113989608946	0.00010603666305541992
Pelka_2021_Cell||Pelka_2021_Cell.C157	295496	0.440323144197464	0.5076210729343791	0.0005890727043151855
Pelka_2021_Cell||Pelka_2021_Cell.C158	296732	0.4400106966495514	0.5072137523154161	0.0002766251564025879
Pelka_2021_Cell||Pelka_2021_Cell.C159	296610	0.44068068265914917	0.507857390342583	0.0009466111660003662
Pelka_2021_Cell||Pelka_2021_Cell.C160	295332	0.44054916501045227	0.5080455457799878	0.0008150935173034668
Pelka_2021_Cell||Pelka_2021_Cell.C161	295176	0.4404798448085785	0.5074730375436964	0.0007457733154296875
Pelka_2021_Cell||Pelka_2021_Cell.C163	295510	0.4413119852542877	0.509064235060424	0.001577913761138916
Pelka_2021_Cell||Pelka_2021_Cell.C164	295888	0.4411559998989105	0.5084441735172898	0.0014219284057617188
Pelka_2021_Cell||Pelka_2021_Cell.C165	296517	0.43930086493492126	0.5068302339765254	-0.00043320655822753906
Pelka_2021_Cell||Pelka_2021_Cell.C166	292882	0.4435214698314667	0.5089283696316989	0.003787398338317871
Pelka_2021_Cell||Pelka_2021_Cell.C168	296621	0.4394950568675995	0.5065848744885366	-0.0002390146255493164
Pelka_2021_Cell||Pelka_2021_Cell.C169	296761	0.43968263268470764	0.5069152340620946	-5.143880844116211e-05
Pelka_2021_Cell||Pelka_2021_Cell.C170	294129	0.4402954578399658	0.507282830547789	0.0005613863468170166
Pelka_2021_Cell||Pelka_2021_Cell.C171	293636	0.44169145822525024	0.5090039121819824	0.0019573867321014404
Pelka_2021_Cell||Pelka_2021_Cell.C172	296979	0.43968838453292847	0.5069713718342354	-4.5686960220336914e-05
Pelka_2021_Cell||Pelka_2021_Cell.C173	296560	0.4406066834926605	0.5077203705905164	0.0008726119995117188
Qi_2022_Nat_Commun||Qi_2022_Nat_Commun.P1	296875	0.43968719244003296	0.5070884637485461	-4.6879053115844727e-05
Qi_2022_Nat_Commun||Qi_2022_Nat_Commun.P2	296262	0.4398556649684906	0.507462989396633	0.00012159347534179688
Qi_2022_Nat_Commun||Qi_2022_Nat_Commun.P3	294397	0.4422273635864258	0.5091517533955157	0.0024932920932769775
Qi_2022_Nat_Commun||Qi_2022_Nat_Commun.P4	295773	0.4405238926410675	0.5080048922366861	0.0007898211479187012
Qian_2020_Cell_Res||Qian_2020_Cell_Res.P31	294559	0.4392778277397156	0.5071762371712848	-0.00045624375343322754
Qian_2020_Cell_Res||Qian_2020_Cell_Res.P32	294943	0.4401317238807678	0.5072681114077763	0.00039765238761901855
Qian_2020_Cell_Res||Qian_2020_Cell_Res.P33	295113	0.4394756257534027	0.5068196344847692	-0.00025844573974609375
Qian_2020_Cell_Res||Qian_2020_Cell_Res.P35	295698	0.44043388962745667	0.5075281244641152	0.0006998181343078613
Qian_2020_Cell_Res||Qian_2020_Cell_Res.P38	296952	0.44014009833335876	0.507478359332051	0.00040602684020996094
Sathe_2023_Clin_Cancer_Res||Sathe_2023_Clin_Cancer_Res.P5915	296169	0.4404054880142212	0.5070740915337035	0.0006714165210723877
Sathe_2023_Clin_Cancer_Res||Sathe_2023_Clin_Cancer_Res.P6198	291974	0.4509906470775604	0.5215207408696334	0.011256575584411621
Terekhanova_2023_Nature||Terekhanova_2023_Nature.HTA12_101	294376	0.4370109438896179	0.504882681323874	-0.002723127603530884
Terekhanova_2023_Nature||Terekhanova_2023_Nature.HTA12_102	295046	0.4309955835342407	0.5017469105716212	-0.008738487958908081
Terekhanova_2023_Nature||Terekhanova_2023_Nature.HTA12_107	295800	0.43297436833381653	0.5026553399353113	-0.006759703159332275
Tian_2023_Nat_Med||Tian_2023_Nat_Med.P02	296484	0.4400721490383148	0.5075395232471209	0.0003380775451660156
Tian_2023_Nat_Med||Tian_2023_Nat_Med.P07	296805	0.4401635229587555	0.5078916961130291	0.00042945146560668945
Tian_2023_Nat_Med||Tian_2023_Nat_Med.P10	294163	0.4382060468196869	0.5055711571768817	-0.001528024673461914
Tian_2023_Nat_Med||Tian_2023_Nat_Med.P11	292073	0.4361957609653473	0.50432659256692	-0.0035383105278015137
Tian_2023_Nat_Med||Tian_2023_Nat_Med.P12	294682	0.4385046064853668	0.505937687648305	-0.0012294650077819824
Tian_2023_Nat_Med||Tian_2023_Nat_Med.P13	295846	0.4381014108657837	0.5044778352767294	-0.0016326606273651123
Tian_2023_Nat_Med||Tian_2023_Nat_Med.P18	295876	0.43829986453056335	0.5048649413552475	-0.0014342069625854492
Tian_2023_Nat_Med||Tian_2023_Nat_Med.P19	296578	0.43934375047683716	0.5068453287907615	-0.0003903210163116455
Tian_2023_Nat_Med||Tian_2023_Nat_Med.P20	291868	0.4479435980319977	0.5174023099976459	0.008209526538848877
Tian_2023_Nat_Med||Tian_2023_Nat_Med.P21	291907	0.43872904777526855	0.5035980754069114	-0.001005023717880249
Tian_2023_Nat_Med||Tian_2023_Nat_Med.P23	296876	0.4394795298576355	0.5068603478842688	-0.00025454163551330566
Tian_2023_Nat_Med||Tian_2023_Nat_Med.P24	280443	0.41952258348464966	0.4787418918270253	-0.020211488008499146
Tian_2023_Nat_Med||Tian_2023_Nat_Med.P27	289288	0.44407394528388977	0.5136706305214934	0.004339873790740967
Tian_2023_Nat_Med||Tian_2023_Nat_Med.P28	289618	0.44305428862571716	0.5097788137230952	0.0033202171325683594
Tian_2023_Nat_Med||Tian_2023_Nat_Med.P29	296043	0.44093620777130127	0.5083015574905032	0.0012021362781524658
Tian_2023_Nat_Med||Tian_2023_Nat_Med.P33	286828	0.4187376797199249	0.49338828997160533	-0.020996391773223877
Tian_2023_Nat_Med||Tian_2023_Nat_Med.P34	293490	0.4406597316265106	0.5069174653050165	0.0009256601333618164
Tian_2023_Nat_Med||Tian_2023_Nat_Med.P36	295809	0.43673691153526306	0.5049932553015528	-0.002997159957885742
Wang_2023_Sci_Adv||Wang_2023_Sci_Adv.P1231	296938	0.4397604167461395	0.5071487489405354	2.6345252990722656e-05
Wang_2023_Sci_Adv||Wang_2023_Sci_Adv.P0920	281086	0.43896791338920593	0.5008633375350537	-0.0007661581039428711
Wang_2023_Sci_Adv||Wang_2023_Sci_Adv.P0813	292632	0.4393082559108734	0.5060116250856368	-0.0004258155822753906
Wang_2023_Sci_Adv||Wang_2023_Sci_Adv.P0107	295913	0.4393515884876251	0.505769982928135	-0.00038248300552368164
