mouse_symbol	class	n_human_targets	human_targets
1110028F11Rik	NO_ORTHOLOG	0	
1110032A04Rik	NOT_FOUND_IN_BIOMART	0	
1110038F14Rik	ortholog_one2one	1	C8orf33:ENSG00000182307
1700007K13Rik	NOT_FOUND_IN_BIOMART	0	
1700012L04Rik	NOT_FOUND_IN_BIOMART	0	
1700016K19Rik	NOT_FOUND_IN_BIOMART	0	
1700019G06Rik	NOT_FOUND_IN_BIOMART	0	
1700019L03Rik	NOT_FOUND_IN_BIOMART	0	
1700047I17Rik2	NOT_FOUND_IN_BIOMART	0	
1700056E22Rik	NO_ORTHOLOG	0	
1700066B19Rik	NOT_FOUND_IN_BIOMART	0	
1810011O10Rik	NOT_FOUND_IN_BIOMART	0	
2010002M12Rik	NOT_FOUND_IN_BIOMART	0	
2010109I03Rik	NOT_FOUND_IN_BIOMART	0	
2210011C24Rik	NOT_FOUND_IN_BIOMART	0	
2310002J15Rik	NOT_FOUND_IN_BIOMART	0	
2310002L13Rik	NOT_FOUND_IN_BIOMART	0	
2310007B03Rik	NOT_FOUND_IN_BIOMART	0	
2310014H01Rik	NOT_FOUND_IN_BIOMART	0	
2410006H16Rik	NO_ORTHOLOG	0	
2610019F03Rik	NOT_FOUND_IN_BIOMART	0	
2700062C07Rik	ortholog_one2one	1	RMP24:ENSG00000141428
39509	NOT_FOUND_IN_BIOMART	0	
39692	NOT_FOUND_IN_BIOMART	0	
4833427G06Rik	NOT_FOUND_IN_BIOMART	0	
4930461G14Rik	NO_ORTHOLOG	0	
5730528L13Rik	NOT_FOUND_IN_BIOMART	0	
6030445D17Rik	NO_ORTHOLOG	0	
A230065N10Rik	NO_ORTHOLOG	0	
A230072E10Rik	NO_ORTHOLOG	0	
A430105I19Rik	NOT_FOUND_IN_BIOMART	0	
Aaas	ortholog_one2one	1	AAAS:ENSG00000094914
Abca3	ortholog_one2one	1	ABCA3:ENSG00000167972
Abcb1B	NOT_FOUND_IN_BIOMART	0	
Abcc3	ortholog_one2one	1	ABCC3:ENSG00000108846
Abcc4	ortholog_one2one	1	ABCC4:ENSG00000125257
Abcc5	ortholog_one2one	1	ABCC5:ENSG00000114770
Abhd2	ortholog_one2one	1	ABHD2:ENSG00000140526
Abhd4	ortholog_one2one	1	ABHD4:ENSG00000100439
Abhd5	ortholog_one2one	1	ABHD5:ENSG00000011198
Abhd6	ortholog_one2one	1	ABHD6:ENSG00000163686
Abhd8	ortholog_one2one	1	ABHD8:ENSG00000127220
Abi1	ortholog_one2one	1	ABI1:ENSG00000136754
Abi2	ortholog_one2one	1	ABI2:ENSG00000138443
Abi3	ortholog_one2one	1	ABI3:ENSG00000108798
Abi3Bp	NOT_FOUND_IN_BIOMART	0	
Acacb	ortholog_one2one	1	ACACB:ENSG00000076555
Acap3	ortholog_one2one	1	ACAP3:ENSG00000131584
Accs	ortholog_one2one	1	ACCS:ENSG00000110455
Acot10	ambiguous_ortholog_one2many	1	ACOT9:ENSG00000123130
Acot7	ortholog_one2one	1	ACOT7:ENSG00000097021
Acot9	ambiguous_ortholog_one2many	1	ACOT9:ENSG00000123130
Acox2	ortholog_one2one	1	ACOX2:ENSG00000168306
Acsbg1	ortholog_one2one	1	ACSBG1:ENSG00000103740
Acsl4	ortholog_one2one	1	ACSL4:ENSG00000068366
Acsm3	ortholog_one2one	1	ACSM3:ENSG00000005187
Acta2	ortholog_one2one	1	ACTA2:ENSG00000107796
Actg1	ortholog_one2one	1	ACTG1:ENSG00000184009
Actg2	ortholog_one2one	1	ACTG2:ENSG00000163017
Adam10	ortholog_one2one	1	ADAM10:ENSG00000137845
Adam15	ortholog_one2one	1	ADAM15:ENSG00000143537
Adam28	ortholog_one2one	1	ADAM28:ENSG00000042980
Adam32	ortholog_one2one	1	ADAM32:ENSG00000197140
Adam8	ortholog_one2one	1	ADAM8:ENSG00000151651
Adam9	ortholog_one2one	1	ADAM9:ENSG00000168615
Adamdec1	ortholog_one2one	1	ADAMDEC1:ENSG00000134028
Adamts1	ortholog_one2one	1	ADAMTS1:ENSG00000154734
Adamts15	ortholog_one2one	1	ADAMTS15:ENSG00000166106
Adamtsl4	ortholog_one2one	1	ADAMTSL4:ENSG00000143382
Adm	ortholog_one2one	1	ADM:ENSG00000148926
Adm2	ortholog_one2one	1	ADM2:ENSG00000128165
Adora1	ortholog_one2one	1	ADORA1:ENSG00000163485
Adssl1	NOT_FOUND_IN_BIOMART	0	
Aen	ortholog_one2one	1	AEN:ENSG00000181026
Af064781	NOT_FOUND_IN_BIOMART	0	
Agfg2	ortholog_one2one	1	AGFG2:ENSG00000106351
Agpat4	ortholog_one2one	1	AGPAT4:ENSG00000026652
Agpat6	NOT_FOUND_IN_BIOMART	0	
Agps	ortholog_one2one	1	AGPS:ENSG00000018510
Agrn	ortholog_one2one	1	AGRN:ENSG00000188157
Agtpbp1	ortholog_one2one	1	AGTPBP1:ENSG00000135049
Ahi1	ortholog_one2one	1	AHI1:ENSG00000135541
Ahnak	ortholog_one2one	1	AHNAK:ENSG00000124942
Ahnak2	ortholog_one2one	1	AHNAK2:ENSG00000185567
Ai467606	NOT_FOUND_IN_BIOMART	0	
Aim1	NOT_FOUND_IN_BIOMART	0	
Aim2	ortholog_one2one	1	AIM2:ENSG00000163568
Ak1	ortholog_one2one	1	AK1:ENSG00000106992
Akap13	ortholog_one2one	1	AKAP13:ENSG00000170776
Akap2	NOT_FOUND_IN_BIOMART	0	
Akap5	ortholog_one2one	1	AKAP5:ENSG00000179841
Akr1B10	NOT_FOUND_IN_BIOMART	0	
Akr1B3	NOT_FOUND_IN_BIOMART	0	
Akr1B8	NOT_FOUND_IN_BIOMART	0	
Akt3	ortholog_one2one	1	AKT3:ENSG00000117020
Alcam	ortholog_one2one	1	ALCAM:ENSG00000170017
Aldh1A3	NOT_FOUND_IN_BIOMART	0	
Aldh3A1	NOT_FOUND_IN_BIOMART	0	
Aldh3B1	NOT_FOUND_IN_BIOMART	0	
Aldh4A1	NOT_FOUND_IN_BIOMART	0	
Aldh6A1	NOT_FOUND_IN_BIOMART	0	
Alkbh2	ortholog_one2one	1	ALKBH2:ENSG00000189046
Als2Cr4	NOT_FOUND_IN_BIOMART	0	
Ambp	ortholog_one2one	1	AMBP:ENSG00000106927
Amer2	ortholog_one2one	1	AMER2:ENSG00000165566
Amotl1	ortholog_one2one	1	AMOTL1:ENSG00000166025
Amotl2	ortholog_one2one	1	AMOTL2:ENSG00000114019
Anapc2	ortholog_one2one	1	ANAPC2:ENSG00000176248
Angptl6	ortholog_one2one	1	ANGPTL6:ENSG00000130812
Ank3	ortholog_one2one	1	ANK3:ENSG00000151150
Ankrd1	ortholog_one2one	1	ANKRD1:ENSG00000148677
Ankrd22	ortholog_one2one	1	ANKRD22:ENSG00000152766
Ankrd35	ortholog_one2one	1	ANKRD35:ENSG00000198483
Ankrd50	ortholog_one2one	1	ANKRD50:ENSG00000151458
Anks3	ortholog_one2one	1	ANKS3:ENSG00000168096
Ano1	ortholog_one2one	1	ANO1:ENSG00000131620
Anp32E	NOT_FOUND_IN_BIOMART	0	
Antxr1	ortholog_one2one	1	ANTXR1:ENSG00000169604
Antxr2	ortholog_one2one	1	ANTXR2:ENSG00000163297
Anxa1	ortholog_one2one	1	ANXA1:ENSG00000135046
Anxa3	ortholog_one2one	1	ANXA3:ENSG00000138772
Anxa4	ortholog_one2one	1	ANXA4:ENSG00000196975
Anxa5	ortholog_one2one	1	ANXA5:ENSG00000164111
Anxa6	ortholog_one2one	1	ANXA6:ENSG00000197043
Anxa8	ambiguous_ortholog_one2many	2	ANXA8:ENSG00000265190;ANXA8L1:ENSG00000264230
Ap1G1	NOT_FOUND_IN_BIOMART	0	
Ap1S3	NOT_FOUND_IN_BIOMART	0	
Ap2B1	NOT_FOUND_IN_BIOMART	0	
Ap3M2	NOT_FOUND_IN_BIOMART	0	
Apbb1	ortholog_one2one	1	APBB1:ENSG00000166313
Aph1B	NOT_FOUND_IN_BIOMART	0	
Aplp1	ortholog_one2one	1	APLP1:ENSG00000105290
Aplp2	ortholog_one2one	1	APLP2:ENSG00000084234
Apol9A	NOT_FOUND_IN_BIOMART	0	
Apol9B	NOT_FOUND_IN_BIOMART	0	
Appl2	ortholog_one2one	1	APPL2:ENSG00000136044
Aqp1	ortholog_one2one	1	AQP1:ENSG00000240583
Aqp5	ortholog_one2one	1	AQP5:ENSG00000161798
Aqp8	ortholog_one2one	1	AQP8:ENSG00000103375
Arap1	ortholog_one2one	1	ARAP1:ENSG00000186635
Arc	ortholog_one2one	1	ARC:ENSG00000198576
Arcn1	ortholog_one2one	1	ARCN1:ENSG00000095139
Areg	ortholog_one2one	1	AREG:ENSG00000109321
Arf1	ortholog_one2one	1	ARF1:ENSG00000143761
Arfgef2	ortholog_one2one	1	ARFGEF2:ENSG00000124198
Arhgap12	ortholog_one2one	1	ARHGAP12:ENSG00000165322
Arhgap22	ortholog_one2one	1	ARHGAP22:ENSG00000128805
Arhgap23	ortholog_one2one	1	ARHGAP23:ENSG00000275832
Arhgap29	ortholog_one2one	1	ARHGAP29:ENSG00000137962
Arhgap40	ortholog_one2one	1	ARHGAP40:ENSG00000124143
Arhgap44	ortholog_one2one	1	ARHGAP44:ENSG00000006740
Arhgef17	ortholog_one2one	1	ARHGEF17:ENSG00000110237
Arhgef18	ortholog_one2one	1	ARHGEF18:ENSG00000104880
Arhgef25	ortholog_one2one	1	ARHGEF25:ENSG00000240771
Arhgef28	ortholog_one2one	1	ARHGEF28:ENSG00000214944
Arhgef3	ortholog_one2one	1	ARHGEF3:ENSG00000163947
Arhgef4	NO_ORTHOLOG	0	
Arid3A	NOT_FOUND_IN_BIOMART	0	
Arid4A	NOT_FOUND_IN_BIOMART	0	
Arid5A	NOT_FOUND_IN_BIOMART	0	
Arl1	ortholog_one2one	1	ARL1:ENSG00000120805
Arl3	ortholog_one2one	1	ARL3:ENSG00000138175
Arl4C	NOT_FOUND_IN_BIOMART	0	
Arl6	ortholog_one2one	1	ARL6:ENSG00000113966
Arl6Ip5	NOT_FOUND_IN_BIOMART	0	
Armcx2	ortholog_one2one	1	ARMCX2:ENSG00000184867
Armcx3	ortholog_one2one	1	ARMCX3:ENSG00000102401
Arnt2	ortholog_one2one	1	ARNT2:ENSG00000172379
Arpc3	ortholog_one2one	1	ARPC3:ENSG00000111229
Arpc4	ortholog_one2one	1	ARPC4:ENSG00000241553
Arpp19	ortholog_one2one	1	ARPP19:ENSG00000128989
Arsb	ortholog_one2one	1	ARSB:ENSG00000113273
Art2A-Ps	NOT_FOUND_IN_BIOMART	0	
Asah1	ortholog_one2one	1	ASAH1:ENSG00000104763
Asap1	ortholog_one2one	1	ASAP1:ENSG00000153317
Asb1	ortholog_one2one	1	ASB1:ENSG00000065802
Aspn	ortholog_one2one	1	ASPN:ENSG00000106819
Ass1	ortholog_one2one	1	ASS1:ENSG00000130707
Atf2	ortholog_one2one	1	ATF2:ENSG00000115966
Atf3	ortholog_one2one	1	ATF3:ENSG00000162772
Atg9B	NOT_FOUND_IN_BIOMART	0	
Atox1	ortholog_one2one	1	ATOX1:ENSG00000177556
Atp11A	NOT_FOUND_IN_BIOMART	0	
Atp11B	NOT_FOUND_IN_BIOMART	0	
Atp1A1	NOT_FOUND_IN_BIOMART	0	
Atp2B1	NOT_FOUND_IN_BIOMART	0	
Atp5G1	NOT_FOUND_IN_BIOMART	0	
Atp6V0A1	NOT_FOUND_IN_BIOMART	0	
Atp6V0E2	NOT_FOUND_IN_BIOMART	0	
Atp6V1B2	NOT_FOUND_IN_BIOMART	0	
Atp6V1F	NOT_FOUND_IN_BIOMART	0	
Atp9A	NOT_FOUND_IN_BIOMART	0	
Atxn10	ortholog_one2one	1	ATXN10:ENSG00000130638
Avpi1	ortholog_one2one	1	AVPI1:ENSG00000119986
Aw112010	NOT_FOUND_IN_BIOMART	0	
Axl	ortholog_one2one	1	AXL:ENSG00000167601
Azgp1	ortholog_one2one	1	AZGP1:ENSG00000160862
B4Galnt1	NOT_FOUND_IN_BIOMART	0	
B9D1	NOT_FOUND_IN_BIOMART	0	
B9D2	NOT_FOUND_IN_BIOMART	0	
Bace1	ortholog_one2one	1	BACE1:ENSG00000186318
Bace2	ortholog_one2one	1	BACE2:ENSG00000182240
Baiap2	ortholog_one2one	1	BAIAP2:ENSG00000175866
Baiap2L1	NOT_FOUND_IN_BIOMART	0	
Barx2	ortholog_one2one	1	BARX2:ENSG00000043039
Basp1	ortholog_one2one	1	BASP1:ENSG00000176788
Bax	ortholog_one2one	1	BAX:ENSG00000087088
Bbs10	ortholog_one2one	1	BBS10:ENSG00000179941
Bbs4	ortholog_one2one	1	BBS4:ENSG00000140463
Bbs9	ortholog_one2one	1	BBS9:ENSG00000122507
Bbx	ortholog_one2one	1	BBX:ENSG00000114439
Bcam	ortholog_one2one	1	BCAM:ENSG00000187244
Bcap31	ortholog_one2one	1	BCAP31:ENSG00000185825
Bcas1	ortholog_one2one	1	BCAS1:ENSG00000064787
Bcat2	ortholog_one2one	1	BCAT2:ENSG00000105552
Bcl2	ortholog_one2one	1	BCL2:ENSG00000171791
Bcl2L1	NOT_FOUND_IN_BIOMART	0	
Bcl2L11	NOT_FOUND_IN_BIOMART	0	
Bcl9L	NOT_FOUND_IN_BIOMART	0	
Bdh2	ortholog_one2one	1	BDH2:ENSG00000164039
Bdnf	ortholog_one2one	1	BDNF:ENSG00000176697
Bex1	ambiguous_ortholog_many2many	2	BEX1:ENSG00000133169;BEX2:ENSG00000133134
Bex2	ambiguous_ortholog_many2many	2	BEX1:ENSG00000133169;BEX2:ENSG00000133134
Bgn	ortholog_one2one	1	BGN:ENSG00000182492
Bhlhb9	ortholog_one2one	1	GPRASP3:ENSG00000198908
Bicc1	ortholog_one2one	1	BICC1:ENSG00000122870
Bicd1	ortholog_one2one	1	BICD1:ENSG00000151746
Bicd2	ortholog_one2one	1	BICD2:ENSG00000185963
Bid	ortholog_one2one	1	BID:ENSG00000015475
Bik	ortholog_one2one	1	BIK:ENSG00000100290
Bmf	ortholog_one2one	1	BMF:ENSG00000104081
Bmp2	ortholog_one2one	1	BMP2:ENSG00000125845
Bmp4	ortholog_one2one	1	BMP4:ENSG00000125378
Bmp5	ortholog_one2one	1	BMP5:ENSG00000112175
Bmp8B	NOT_FOUND_IN_BIOMART	0	
Bnip2	ortholog_one2one	1	BNIP2:ENSG00000140299
Bnip3L	NOT_FOUND_IN_BIOMART	0	
Bok	ortholog_one2one	1	BOK:ENSG00000176720
Brcc3	ambiguous_ortholog_one2many	1	BRCC3:ENSG00000185515
Brix1	ortholog_one2one	1	BRIX1:ENSG00000113460
Bsg	ortholog_one2one	1	BSG:ENSG00000172270
Btbd11	NOT_FOUND_IN_BIOMART	0	
Btg2	ortholog_one2one	1	BTG2:ENSG00000159388
Btn1A1	NOT_FOUND_IN_BIOMART	0	
C1Qtnf4	NOT_FOUND_IN_BIOMART	0	
C1S1	NOT_FOUND_IN_BIOMART	0	
C2	ortholog_one2one	1	C2:ENSG00000166278
C2Cd4C	NOT_FOUND_IN_BIOMART	0	
C3	ortholog_one2one	1	C3:ENSG00000125730
C4B	NOT_FOUND_IN_BIOMART	0	
Cacnb3	ortholog_one2one	1	CACNB3:ENSG00000167535
Cacybp	ortholog_one2one	1	CACYBP:ENSG00000116161
Cadm1	ortholog_one2one	1	CADM1:ENSG00000182985
Calcb	ortholog_one2one	1	CALCB:ENSG00000175868
Calcoco1	ortholog_one2one	1	CALCOCO1:ENSG00000012822
Camk1	ortholog_one2one	1	CAMK1:ENSG00000134072
Camk2N1	NOT_FOUND_IN_BIOMART	0	
Camkk1	ortholog_one2one	1	CAMKK1:ENSG00000004660
Camsap2	ortholog_one2one	1	CAMSAP2:ENSG00000118200
Cap1	ortholog_one2one	1	CAP1:ENSG00000131236
Capg	ortholog_one2one	1	CAPG:ENSG00000042493
Capn13	ortholog_one2one	1	CAPN13:ENSG00000162949
Capn2	ortholog_one2one	1	CAPN2:ENSG00000162909
Capn5	ortholog_one2one	1	CAPN5:ENSG00000149260
Capns1	ortholog_one2one	1	CAPNS1:ENSG00000126247
Capsl	ortholog_one2one	1	CAPSL:ENSG00000152611
Car12	ortholog_one2one	1	CA12:ENSG00000074410
Car2	ortholog_one2one	1	CA2:ENSG00000104267
Card10	ortholog_one2one	1	CARD10:ENSG00000100065
Cav1	ortholog_one2one	1	CAV1:ENSG00000105974
Cav2	ortholog_one2one	1	CAV2:ENSG00000105971
Cblc	ortholog_one2one	1	CBLC:ENSG00000142273
Cbx6	ortholog_one2one	1	CBX6:ENSG00000183741
Ccdc102A	NOT_FOUND_IN_BIOMART	0	
Ccdc103	ortholog_one2one	1	DNAAF19:ENSG00000167131
Ccdc12	ortholog_one2one	1	CCDC12:ENSG00000160799
Ccdc120	ortholog_one2one	1	CCDC120:ENSG00000147144
Ccdc126	ortholog_one2one	1	CCDC126:ENSG00000169193
Ccdc127	ortholog_one2one	1	CCDC127:ENSG00000164366
Ccdc19	NOT_FOUND_IN_BIOMART	0	
Ccdc23	NOT_FOUND_IN_BIOMART	0	
Ccdc3	ortholog_one2one	1	CCDC3:ENSG00000151468
Ccdc33	ortholog_one2one	1	CCDC33:ENSG00000140481
Ccdc58	NOT_FOUND_IN_BIOMART	0	
Ccdc68	ortholog_one2one	1	CCDC68:ENSG00000166510
Ccdc82	ortholog_one2one	1	CCDC82:ENSG00000149231
Ccdc92	ortholog_one2one	1	CCDC92:ENSG00000119242
Ccl2	ortholog_one2one	1	CCL2:ENSG00000108691
Ccl20	ortholog_one2one	1	CCL20:ENSG00000115009
Ccl7	ortholog_one2one	1	CCL7:ENSG00000108688
Ccl9	ambiguous_ortholog_many2many	2	CCL23:ENSG00000274736;CCL15:ENSG00000275718
Ccnd1	ortholog_one2one	1	CCND1:ENSG00000110092
Ccnd2	ortholog_one2one	1	CCND2:ENSG00000118971
Ccng1	ortholog_one2one	1	CCNG1:ENSG00000113328
Ccp110	ortholog_one2one	1	CCP110:ENSG00000103540
Ccpg1	ortholog_one2one	1	CCPG1:ENSG00000260916
Ccrl2	ortholog_one2one	1	CCRL2:ENSG00000121797
Ccser2	ortholog_one2one	1	CCSER2:ENSG00000107771
Cd14	ortholog_one2one	1	CD14:ENSG00000170458
Cd151	ortholog_one2one	1	CD151:ENSG00000177697
Cd24A	NOT_FOUND_IN_BIOMART	0	
Cd276	ortholog_one2one	1	CD276:ENSG00000103855
Cd34	ortholog_one2one	1	CD34:ENSG00000174059
Cd44	ortholog_one2one	1	CD44:ENSG00000026508
Cd47	ortholog_one2one	1	CD47:ENSG00000196776
Cd55	ambiguous_ortholog_one2many	1	CD55:ENSG00000196352
Cd68	ortholog_one2one	1	CD68:ENSG00000129226
Cd74	ortholog_one2one	1	CD74:ENSG00000019582
Cd9	ortholog_one2one	1	CD9:ENSG00000010278
Cd97	NOT_FOUND_IN_BIOMART	0	
Cd99L2	NOT_FOUND_IN_BIOMART	0	
Cdc42Bpg	NOT_FOUND_IN_BIOMART	0	
Cdc42Ep2	NOT_FOUND_IN_BIOMART	0	
Cdh11	ortholog_one2one	1	CDH11:ENSG00000140937
Cdh13	ortholog_one2one	1	CDH13:ENSG00000140945
Cdh16	ortholog_one2one	1	CDH16:ENSG00000166589
Cdh3	ortholog_one2one	1	CDH3:ENSG00000062038
Cdh6	ortholog_one2one	1	CDH6:ENSG00000113361
Cdk19	ortholog_one2one	1	CDK19:ENSG00000155111
Cdk20	ortholog_one2one	1	CDK20:ENSG00000156345
Cdk5	ortholog_one2one	1	CDK5:ENSG00000164885
Cdkl2	ortholog_one2one	1	CDKL2:ENSG00000138769
Cdkn1C	NOT_FOUND_IN_BIOMART	0	
Cdkn2A	NOT_FOUND_IN_BIOMART	0	
Ceacam1	ambiguous_ortholog_many2many	16	PSG3:ENSG00000221826;PSG8:ENSG00000124467;CEACAM7:ENSG00000007306;PSG11:ENSG00000243130;PSG6:ENSG00000170848;PSG5:ENSG00000204941;CEACAM3:ENSG00000170956;CEACAM1:ENSG00000079385;PSG1:ENSG00000231924;PSG2:ENSG00000242221;PSG4:ENSG00000243137;PSG7:ENSG00000221878;CEACAM6:ENSG00000086548;CEACAM8:ENSG00000124469;PSG9:ENSG00000183668;CEACAM5:ENSG00000105388
Celf2	ortholog_one2one	1	CELF2:ENSG00000048740
Celsr1	ortholog_one2one	1	CELSR1:ENSG00000075275
Cep170	ortholog_one2one	1	CEP170:ENSG00000143702
Cers5	ortholog_one2one	1	CERS5:ENSG00000139624
Cetn2	ortholog_one2one	1	CETN2:ENSG00000147400
Cgnl1	ortholog_one2one	1	CGNL1:ENSG00000128849
Chac1	ortholog_one2one	1	CHAC1:ENSG00000128965
Chchd6	ortholog_one2one	1	CHCHD6:ENSG00000159685
Chd3	ortholog_one2one	1	CHD3:ENSG00000170004
Chic1	ortholog_one2one	1	CHIC1:ENSG00000204116
Chic2	ortholog_one2one	1	CHIC2:ENSG00000109220
Chn2	ortholog_one2one	1	CHN2:ENSG00000106069
Chpf	ortholog_one2one	1	CHPF:ENSG00000123989
Chrac1	ortholog_one2one	1	CHRAC1:ENSG00000104472
Chrnb1	ortholog_one2one	1	CHRNB1:ENSG00000170175
Chst8	ortholog_one2one	1	CHST8:ENSG00000124302
Cidea	ortholog_one2one	1	CIDEA:ENSG00000176194
Cidec	ortholog_one2one	1	CIDEC:ENSG00000187288
Cish	ortholog_one2one	1	CISH:ENSG00000114737
Cited4	ortholog_one2one	1	CITED4:ENSG00000179862
Ckap2	ortholog_one2one	1	CKAP2:ENSG00000136108
Ckb	ortholog_one2one	1	CKB:ENSG00000166165
Clca3A2	NOT_FOUND_IN_BIOMART	0	
Clca4B	NOT_FOUND_IN_BIOMART	0	
Clca6	NOT_FOUND_IN_BIOMART	0	
Clcf1	ortholog_one2one	1	CLCF1:ENSG00000175505
Cldn4	NO_ORTHOLOG	0	
Cldn6	ortholog_one2one	1	CLDN6:ENSG00000184697
Clic1	ortholog_one2one	1	CLIC1:ENSG00000213719
Clic3	ortholog_one2one	1	CLIC3:ENSG00000169583
Clic4	ortholog_one2one	1	CLIC4:ENSG00000169504
Clu	ortholog_one2one	1	CLU:ENSG00000120885
Cmtm3	ortholog_one2one	1	CMTM3:ENSG00000140931
Cmtm7	ortholog_one2one	1	CMTM7:ENSG00000153551
Cmtm8	ortholog_one2one	1	CMTM8:ENSG00000170293
Cnbp	ortholog_one2one	1	CNBP:ENSG00000169714
Cnksr1	ortholog_one2one	1	CNKSR1:ENSG00000142675
Cnn2	ortholog_one2one	1	CNN2:ENSG00000064666
Cnn3	ortholog_one2one	1	CNN3:ENSG00000117519
Cnnm2	ortholog_one2one	1	CNNM2:ENSG00000148842
Cnot4	ortholog_one2one	1	CNOT4:ENSG00000080802
Cnp	ortholog_one2one	1	CNP:ENSG00000173786
Cnppd1	ortholog_one2one	1	CNPPD1:ENSG00000115649
Col12A1	NOT_FOUND_IN_BIOMART	0	
Col18A1	NOT_FOUND_IN_BIOMART	0	
Col1A1	NOT_FOUND_IN_BIOMART	0	
Col3A1	NOT_FOUND_IN_BIOMART	0	
Col4A1	NOT_FOUND_IN_BIOMART	0	
Col4A2	NOT_FOUND_IN_BIOMART	0	
Col4A5	NOT_FOUND_IN_BIOMART	0	
Copg1	ortholog_one2one	1	COPG1:ENSG00000181789
Cops5	ortholog_one2one	1	COPS5:ENSG00000121022
Copz2	ortholog_one2one	1	COPZ2:ENSG00000005243
Cp	ortholog_one2one	1	CP:ENSG00000047457
Cpm	ortholog_one2one	1	CPM:ENSG00000135678
Cpne8	ortholog_one2one	1	CPNE8:ENSG00000139117
Creb1	ortholog_one2one	1	CREB1:ENSG00000118260
Creld1	ortholog_one2one	1	CRELD1:ENSG00000163703
Crip2	ortholog_one2one	1	CRIP2:ENSG00000182809
Crlf3	ortholog_one2one	1	CRLF3:ENSG00000176390
Crp	ortholog_one2one	1	CRP:ENSG00000132693
Cryab	ortholog_one2one	1	CRYAB:ENSG00000109846
Cryz	ortholog_one2one	1	CRYZ:ENSG00000116791
Csf1R	NOT_FOUND_IN_BIOMART	0	
Csf2	ortholog_one2one	1	CSF2:ENSG00000164400
Csnk1E	NOT_FOUND_IN_BIOMART	0	
Csrnp1	ortholog_one2one	1	CSRNP1:ENSG00000144655
Csrp1	ortholog_one2one	1	CSRP1:ENSG00000159176
Cst9	ambiguous_ortholog_one2many	1	CST9L:ENSG00000101435
Cstb	ortholog_one2one	1	CSTB:ENSG00000160213
Ctgf	NOT_FOUND_IN_BIOMART	0	
Ctnnal1	ortholog_one2one	1	CTNNAL1:ENSG00000119326
Ctnnb1	ortholog_one2one	1	CTNNB1:ENSG00000168036
Ctsa	ortholog_one2one	1	CTSA:ENSG00000064601
Ctsd	ortholog_one2one	1	CTSD:ENSG00000117984
Ctse	ortholog_one2one	1	CTSE:ENSG00000196188
Ctsf	ortholog_one2one	1	CTSF:ENSG00000174080
Ctsh	ortholog_one2one	1	CTSH:ENSG00000103811
Cttn	ortholog_one2one	1	CTTN:ENSG00000085733
Cttnbp2Nl	NOT_FOUND_IN_BIOMART	0	
Ctxn1	ortholog_one2one	1	CTXN1:ENSG00000178531
Cul7	ortholog_one2one	1	CUL7:ENSG00000044090
Cutc	ortholog_one2one	1	CUTC:ENSG00000119929
Cwh43	ortholog_one2one	1	CWH43:ENSG00000109182
Cx3Cl1	NOT_FOUND_IN_BIOMART	0	
Cxcl1	ambiguous_ortholog_one2many	1	CXCL3:ENSG00000163734
Cxcl10	ortholog_one2one	1	CXCL10:ENSG00000169245
Cxcl12	ortholog_one2one	1	CXCL12:ENSG00000107562
Cxcl13	ortholog_one2one	1	CXCL13:ENSG00000156234
Cxcl16	ortholog_one2one	1	CXCL16:ENSG00000161921
Cxcl17	ortholog_one2one	1	CXCL17:ENSG00000189377
Cxcl2	ambiguous_ortholog_one2many	1	CXCL3:ENSG00000163734
Cxcl5	ortholog_one2one	1	CXCL6:ENSG00000124875
Cyba	ortholog_one2one	1	CYBA:ENSG00000051523
Cyld	ortholog_one2one	1	CYLD:ENSG00000083799
Cyp1A1	NOT_FOUND_IN_BIOMART	0	
Cyr61	NOT_FOUND_IN_BIOMART	0	
Cystm1	ortholog_one2one	1	CYSTM1:ENSG00000120306
Cyth3	ortholog_one2one	1	CYTH3:ENSG00000008256
D14Ertd668E	NOT_FOUND_IN_BIOMART	0	
Dap	ortholog_one2one	1	DAP:ENSG00000112977
Dapk1	ortholog_one2one	1	DAPK1:ENSG00000196730
Dbndd2	ortholog_one2one	1	DBNDD2:ENSG00000244274
Dcn	ortholog_one2one	1	DCN:ENSG00000011465
Dctn2	ortholog_one2one	1	DCTN2:ENSG00000175203
Dcxr	ortholog_one2one	1	DCXR:ENSG00000169738
Ddah1	ortholog_one2one	1	DDAH1:ENSG00000153904
Ddhd1	ortholog_one2one	1	DDHD1:ENSG00000100523
Ddit4	ortholog_one2one	1	DDIT4:ENSG00000168209
Ddit4L	NOT_FOUND_IN_BIOMART	0	
Ddo	ortholog_one2one	1	DDO:ENSG00000203797
Ddr1	ortholog_one2one	1	DDR1:ENSG00000204580
Ddx17	ortholog_one2one	1	DDX17:ENSG00000100201
Ddx3X	NOT_FOUND_IN_BIOMART	0	
Ddx5	ortholog_one2one	1	DDX5:ENSG00000108654
Ddx60	ortholog_one2one	1	DDX60:ENSG00000137628
Degs1	ambiguous_ortholog_one2many	1	DEGS1:ENSG00000143753
Dennd2C	NOT_FOUND_IN_BIOMART	0	
Dennd5A	NOT_FOUND_IN_BIOMART	0	
Denr	ortholog_one2one	1	DENR:ENSG00000139726
Derl3	ortholog_one2one	1	DERL3:ENSG00000099958
Dhh	ortholog_one2one	1	DHH:ENSG00000139549
Dhrs9	ortholog_one2one	1	DHRS9:ENSG00000073737
Dhx32	ortholog_one2one	1	DHX32:ENSG00000089876
Dhx57	ortholog_one2one	1	DHX57:ENSG00000163214
Dhx58	ortholog_one2one	1	DHX58:ENSG00000108771
Dio1	ortholog_one2one	1	DIO1:ENSG00000211452
Dio3	ortholog_one2one	1	DIO3:ENSG00000197406
Dip2C	NOT_FOUND_IN_BIOMART	0	
Diras2	ortholog_one2one	1	DIRAS2:ENSG00000165023
Disp1	ortholog_one2one	1	DISP1:ENSG00000154309
Dlg1	ortholog_one2one	1	DLG1:ENSG00000075711
Dlg5	ortholog_one2one	1	DLG5:ENSG00000151208
Dlgap1	ortholog_one2one	1	DLGAP1:ENSG00000170579
Dlk2	ortholog_one2one	1	DLK2:ENSG00000171462
Dmbt1	ortholog_one2one	1	DMBT1:ENSG00000187908
Dmkn	ortholog_one2one	1	DMKN:ENSG00000161249
Dmwd	ortholog_one2one	1	DMWD:ENSG00000185800
Dnaaf3	ortholog_one2one	1	DNAAF3:ENSG00000167646
Dnahc2	NOT_FOUND_IN_BIOMART	0	
Dnaja4	ortholog_one2one	1	DNAJA4:ENSG00000140403
Dnajc10	ortholog_one2one	1	DNAJC10:ENSG00000077232
Dnajc15	ortholog_one2one	1	DNAJC15:ENSG00000120675
Dok2	ortholog_one2one	1	DOK2:ENSG00000147443
Dpcd	ortholog_one2one	1	DPCD:ENSG00000166171
Dpcr1	NOT_FOUND_IN_BIOMART	0	
Dpt	ortholog_one2one	1	DPT:ENSG00000143196
Dram1	ortholog_one2one	1	DRAM1:ENSG00000136048
Dsg2	ortholog_one2one	1	DSG2:ENSG00000046604
Dsg3	ortholog_one2one	1	DSG3:ENSG00000134757
Dtnb	NO_ORTHOLOG	0	
Dtx3	ortholog_one2one	1	DTX3:ENSG00000178498
Duox2	ortholog_one2one	1	DUOX2:ENSG00000140279
Duoxa2	ortholog_one2one	1	DUOXA2:ENSG00000140274
Dusp1	ortholog_one2one	1	DUSP1:ENSG00000120129
Dusp10	ortholog_one2one	1	DUSP10:ENSG00000143507
Dusp14	ortholog_one2one	1	DUSP14:ENSG00000276023
Dusp18	ortholog_one2one	1	DUSP18:ENSG00000167065
Dusp22	ortholog_one2one	1	DUSP22:ENSG00000112679
Dusp3	NO_ORTHOLOG	0	
Dusp6	ortholog_one2one	1	DUSP6:ENSG00000139318
Dusp8	ortholog_one2one	1	DUSP8:ENSG00000184545
Dusp9	ortholog_one2one	1	DUSP9:ENSG00000130829
Dync2H1	NOT_FOUND_IN_BIOMART	0	
Dync2Li1	NOT_FOUND_IN_BIOMART	0	
Dynll1	ortholog_one2one	1	DYNLL1:ENSG00000088986
Dynlrb2	ortholog_one2one	1	DYNLRB2:ENSG00000168589
Dyrk3	ortholog_one2one	1	DYRK3:ENSG00000143479
Dzip1L	NOT_FOUND_IN_BIOMART	0	
E130012A19Rik	NOT_FOUND_IN_BIOMART	0	
Ebf1	ortholog_one2one	1	EBF1:ENSG00000164330
Ecel1	ortholog_one2one	1	ECEL1:ENSG00000171551
Ecm1	ortholog_one2one	1	ECM1:ENSG00000143369
Ecscr	ortholog_one2one	1	ECSCR:ENSG00000249751
Eda2R	NOT_FOUND_IN_BIOMART	0	
Edf1	ortholog_one2one	1	EDF1:ENSG00000107223
Edn1	ortholog_one2one	1	EDN1:ENSG00000078401
Edn2	ortholog_one2one	1	EDN2:ENSG00000127129
Edn3	ortholog_one2one	1	EDN3:ENSG00000124205
Eef1B2	NOT_FOUND_IN_BIOMART	0	
Eef1D	NOT_FOUND_IN_BIOMART	0	
Eef1G	NOT_FOUND_IN_BIOMART	0	
Eepd1	ortholog_one2one	1	EEPD1:ENSG00000122547
Efemp1	ortholog_one2one	1	EFEMP1:ENSG00000115380
Efemp2	ortholog_one2one	1	EFEMP2:ENSG00000172638
Efna5	ortholog_one2one	1	EFNA5:ENSG00000184349
Egfr	ortholog_one2one	1	EGFR:ENSG00000146648
Ehd2	ortholog_one2one	1	EHD2:ENSG00000024422
Ehd4	ortholog_one2one	1	EHD4:ENSG00000103966
Eid2	ortholog_one2one	1	EID2:ENSG00000176396
Eif1	ortholog_one2one	1	EIF1:ENSG00000173812
Eif2S2	NOT_FOUND_IN_BIOMART	0	
Eif4E3	NOT_FOUND_IN_BIOMART	0	
Elk3	ortholog_one2one	1	ELK3:ENSG00000111145
Emc1	ortholog_one2one	1	EMC1:ENSG00000127463
Emc3	ortholog_one2one	1	EMC3:ENSG00000125037
Eml1	ortholog_one2one	1	EML1:ENSG00000066629
Eml3	ortholog_one2one	1	EML3:ENSG00000149499
Emp1	ortholog_one2one	1	EMP1:ENSG00000134531
Emp2	ortholog_one2one	1	EMP2:ENSG00000213853
Emp3	ortholog_one2one	1	EMP3:ENSG00000142227
En1	ortholog_one2one	1	EN1:ENSG00000163064
Enah	ortholog_one2one	1	ENAH:ENSG00000154380
Endod1	ortholog_one2one	1	ENDOD1:ENSG00000149218
Enkur	ortholog_one2one	1	ENKUR:ENSG00000151023
Enpp4	ortholog_one2one	1	ENPP4:ENSG00000001561
Enpp5	ortholog_one2one	1	ENPP5:ENSG00000112796
Epdr1	ortholog_one2one	1	EPDR1:ENSG00000086289
Epha2	ortholog_one2one	1	EPHA2:ENSG00000142627
Epha4	ortholog_one2one	1	EPHA4:ENSG00000116106
Ephx4	ortholog_one2one	1	EPHX4:ENSG00000172031
Epn3	ortholog_one2one	1	EPN3:ENSG00000049283
Eps8L1	NOT_FOUND_IN_BIOMART	0	
Ercc3	ortholog_one2one	1	ERCC3:ENSG00000163161
Ercc5	ambiguous_ortholog_many2many	2	ERCC5:ENSG00000134899;BIVM:ENSG00000134897
Erdr1	NOT_FOUND_IN_BIOMART	0	
Ereg	ortholog_one2one	1	EREG:ENSG00000124882
Ergic1	ortholog_one2one	1	ERGIC1:ENSG00000113719
Erich1	ortholog_one2one	1	ERICH1:ENSG00000104714
Ermp1	ortholog_one2one	1	ERMP1:ENSG00000099219
Errfi1	ortholog_one2one	1	ERRFI1:ENSG00000116285
Esd	ortholog_one2one	1	ESD:ENSG00000139684
Eva1B	NOT_FOUND_IN_BIOMART	0	
Eva1C	NOT_FOUND_IN_BIOMART	0	
Evc	ortholog_one2one	1	EVC:ENSG00000072840
Evc2	ortholog_one2one	1	EVC2:ENSG00000173040
Exoc4	ortholog_one2one	1	EXOC4:ENSG00000131558
Exosc9	ortholog_one2one	1	EXOSC9:ENSG00000123737
Extl2	ortholog_one2one	1	EXTL2:ENSG00000162694
Eya2	ortholog_one2one	1	EYA2:ENSG00000064655
F11R	NOT_FOUND_IN_BIOMART	0	
F2R	NOT_FOUND_IN_BIOMART	0	
F2Rl1	NOT_FOUND_IN_BIOMART	0	
F3	ortholog_one2one	1	F3:ENSG00000117525
Fa2H	NOT_FOUND_IN_BIOMART	0	
Fabp3	ortholog_one2one	1	FABP3:ENSG00000121769
Fabp4	ortholog_one2one	1	FABP4:ENSG00000170323
Fabp5	ortholog_one2one	1	FABP5:ENSG00000164687
Fah	ortholog_one2one	1	FAH:ENSG00000103876
Faim3	NOT_FOUND_IN_BIOMART	0	
Fam102B	NOT_FOUND_IN_BIOMART	0	
Fam107B	NOT_FOUND_IN_BIOMART	0	
Fam129A	NOT_FOUND_IN_BIOMART	0	
Fam129B	NOT_FOUND_IN_BIOMART	0	
Fam135A	NOT_FOUND_IN_BIOMART	0	
Fam160A1	NOT_FOUND_IN_BIOMART	0	
Fam167A	NOT_FOUND_IN_BIOMART	0	
Fam171A2	NOT_FOUND_IN_BIOMART	0	
Fam189A2	NOT_FOUND_IN_BIOMART	0	
Fam195B	NOT_FOUND_IN_BIOMART	0	
Fam198B	NOT_FOUND_IN_BIOMART	0	
Fam20C	NOT_FOUND_IN_BIOMART	0	
Fam212B	NOT_FOUND_IN_BIOMART	0	
Fam214A	NOT_FOUND_IN_BIOMART	0	
Fam216A	NOT_FOUND_IN_BIOMART	0	
Fam229B	NOT_FOUND_IN_BIOMART	0	
Fam3A	NOT_FOUND_IN_BIOMART	0	
Fam43A	NOT_FOUND_IN_BIOMART	0	
Fam46B	NOT_FOUND_IN_BIOMART	0	
Fam55C	NOT_FOUND_IN_BIOMART	0	
Fam59A	NOT_FOUND_IN_BIOMART	0	
Fam63A	NOT_FOUND_IN_BIOMART	0	
Fam64A	NOT_FOUND_IN_BIOMART	0	
Fam69B	NOT_FOUND_IN_BIOMART	0	
Fam83H	NOT_FOUND_IN_BIOMART	0	
Fam89B	NOT_FOUND_IN_BIOMART	0	
Far1	ortholog_one2one	1	FAR1:ENSG00000197601
Farp1	ortholog_one2one	1	FARP1:ENSG00000152767
Fbf1	ortholog_one2one	1	FBF1:ENSG00000188878
Fbln1	ortholog_one2one	1	FBLN1:ENSG00000077942
Fbln2	ortholog_one2one	1	FBLN2:ENSG00000163520
Fbn1	ortholog_one2one	1	FBN1:ENSG00000166147
Fbxl17	ortholog_one2one	1	FBXL17:ENSG00000145743
Fbxo2	ortholog_one2one	1	FBXO2:ENSG00000116661
Fbxo21	ortholog_one2one	1	FBXO21:ENSG00000135108
Fbxo24	ortholog_one2one	1	FBXO24:ENSG00000106336
Fbxo32	ortholog_one2one	1	FBXO32:ENSG00000156804
Fbxo4	ortholog_one2one	1	FBXO4:ENSG00000151876
Fbxw9	ortholog_one2one	1	FBXW9:ENSG00000132004
Fcho1	ortholog_one2one	1	FCHO1:ENSG00000130475
Fer1L4	NOT_FOUND_IN_BIOMART	0	
Fermt1	ortholog_one2one	1	FERMT1:ENSG00000101311
Fermt2	ortholog_one2one	1	FERMT2:ENSG00000073712
Ffar4	ortholog_one2one	1	FFAR4:ENSG00000186188
Fgd2	ortholog_one2one	1	FGD2:ENSG00000146192
Fgd3	ortholog_one2one	1	FGD3:ENSG00000127084
Fgf1	ortholog_one2one	1	FGF1:ENSG00000113578
Fgf15	ortholog_one2one	1	FGF19:ENSG00000162344
Fgfr2	ortholog_one2one	1	FGFR2:ENSG00000066468
Fggy	ortholog_one2one	1	FGGY:ENSG00000172456
Fhl1	ambiguous_ortholog_one2many	1	FHL1:ENSG00000022267
Filip1L	NOT_FOUND_IN_BIOMART	0	
Fjx1	ortholog_one2one	1	FJX1:ENSG00000179431
Fkbp9	ortholog_one2one	1	FKBP9:ENSG00000122642
Flna	ortholog_one2one	1	FLNA:ENSG00000196924
Flnb	ortholog_one2one	1	FLNB:ENSG00000136068
Flnc	ortholog_one2one	1	FLNC:ENSG00000128591
Flot2	ortholog_one2one	1	FLOT2:ENSG00000132589
Flrt1	ortholog_one2one	1	FLRT1:ENSG00000126500
Flrt2	ortholog_one2one	1	FLRT2:ENSG00000185070
Flrt3	ortholog_one2one	1	FLRT3:ENSG00000125848
Fmnl2	ortholog_one2one	1	FMNL2:ENSG00000157827
Fmnl3	ortholog_one2one	1	FMNL3:ENSG00000161791
Fn1	ortholog_one2one	1	FN1:ENSG00000115414
Fnbp1	ortholog_one2one	1	FNBP1:ENSG00000187239
Fnbp1L	NOT_FOUND_IN_BIOMART	0	
Fndc3B	NOT_FOUND_IN_BIOMART	0	
Fos	ortholog_one2one	1	FOS:ENSG00000170345
Fosb	ortholog_one2one	1	FOSB:ENSG00000125740
Fosl1	ortholog_one2one	1	FOSL1:ENSG00000175592
Foxa2	ortholog_one2one	1	FOXA2:ENSG00000125798
Foxg1	ortholog_one2one	1	FOXG1:ENSG00000176165
Foxp1	ortholog_one2one	1	FOXP1:ENSG00000114861
Foxq1	ortholog_one2one	1	FOXQ1:ENSG00000164379
Frmd6	ortholog_one2one	1	FRMD6:ENSG00000139926
Fry	ortholog_one2one	1	FRY:ENSG00000073910
Fsd1	ortholog_one2one	1	FSD1:ENSG00000105255
Furin	ortholog_one2one	1	FURIN:ENSG00000140564
Fut2	NO_ORTHOLOG	0	
Fxyd3	ortholog_one2one	1	FXYD3:ENSG00000089356
Fzd6	ortholog_one2one	1	FZD6:ENSG00000164930
G3Bp2	NOT_FOUND_IN_BIOMART	0	
G6Pdx	NOT_FOUND_IN_BIOMART	0	
Gabarapl1	ortholog_one2one	1	GABARAPL1:ENSG00000139112
Gabrp	ortholog_one2one	1	GABRP:ENSG00000094755
Gadd45B	NOT_FOUND_IN_BIOMART	0	
Gadd45G	NOT_FOUND_IN_BIOMART	0	
Galnt10	ortholog_one2one	1	GALNT10:ENSG00000164574
Galnt11	ortholog_one2one	1	GALNT11:ENSG00000178234
Garnl3	ortholog_one2one	1	GARNL3:ENSG00000136895
Gas2L1	NOT_FOUND_IN_BIOMART	0	
Gas6	ortholog_one2one	1	GAS6:ENSG00000183087
Gas8	ortholog_one2one	1	DRC4:ENSG00000141013
Gata3	ortholog_one2one	1	GATA3:ENSG00000107485
Gatm	ortholog_one2one	1	GATM:ENSG00000171766
Gbp2	ambiguous_ortholog_one2many	1	GBP2:ENSG00000162645
Gch1	ortholog_one2one	1	GCH1:ENSG00000131979
Gcnt1	ortholog_one2one	1	GCNT1:ENSG00000187210
Gcnt3	ortholog_one2one	1	GCNT3:ENSG00000140297
Gde1	ortholog_one2one	1	GDE1:ENSG00000006007
Gdf10	ortholog_one2one	1	GDF10:ENSG00000266524
Gdf15	ortholog_one2one	1	GDF15:ENSG00000130513
Gem	ortholog_one2one	1	GEM:ENSG00000164949
Gemin7	ortholog_one2one	1	GEMIN7:ENSG00000142252
Get4	ortholog_one2one	1	GET4:ENSG00000239857
Ggta1	NO_ORTHOLOG	0	
Gigyf2	ortholog_one2one	1	GIGYF2:ENSG00000204120
Gipc1	ortholog_one2one	1	GIPC1:ENSG00000123159
Gja1	ortholog_one2one	1	GJA1:ENSG00000152661
Gjb3	ortholog_one2one	1	GJB3:ENSG00000188910
Gjb4	ortholog_one2one	1	GJB4:ENSG00000189433
Glipr1	ortholog_one2one	1	GLIPR1:ENSG00000139278
Glis2	ortholog_one2one	1	GLIS2:ENSG00000126603
Glis3	ortholog_one2one	1	GLIS3:ENSG00000107249
Glt28D2	NOT_FOUND_IN_BIOMART	0	
Glt8D1	NOT_FOUND_IN_BIOMART	0	
Gm10393	NOT_FOUND_IN_BIOMART	0	
Gm10691	NOT_FOUND_IN_BIOMART	0	
Gm10800	NOT_FOUND_IN_BIOMART	0	
Gm10972	NO_ORTHOLOG	0	
Gm14446	NOT_FOUND_IN_BIOMART	0	
Gm16721	NOT_FOUND_IN_BIOMART	0	
Gm17237	NOT_FOUND_IN_BIOMART	0	
Gm17244	NO_ORTHOLOG	0	
Gm17622	NOT_FOUND_IN_BIOMART	0	
Gm21887	NOT_FOUND_IN_BIOMART	0	
Gm22362	ambiguous_ortholog_one2many	4	SNORA70:ENSG00000251796;SNORA70:ENSG00000253042;SNORA70:ENSG00000251925;SNORA70:ENSG00000201376
Gm23119	NO_ORTHOLOG	0	
Gm23130	ortholog_one2one	1	SNORD101:ENSG00000206754
Gm24339	NO_ORTHOLOG	0	
Gm24494	ortholog_one2one	1	SNORD45A:ENSG00000207241
Gm24616	ortholog_one2one	1	SNORA4:ENSG00000263776
Gm2A	NOT_FOUND_IN_BIOMART	0	
Gm6096	NO_ORTHOLOG	0	
Gm7008	NO_ORTHOLOG	0	
Gm7665	NO_ORTHOLOG	0	
Gmds	ortholog_one2one	1	GMDS:ENSG00000112699
Gml	NO_ORTHOLOG	0	
Gna14	ortholog_one2one	1	GNA14:ENSG00000156049
Gnai1	ortholog_one2one	1	GNAI1:ENSG00000127955
Gnai2	ortholog_one2one	1	GNAI2:ENSG00000114353
Gnaz	ortholog_one2one	1	GNAZ:ENSG00000128266
Gnb5	ortholog_one2one	1	GNB5:ENSG00000069966
Gng7	NO_ORTHOLOG	0	
Gngt2	ortholog_one2one	1	GNGT2:ENSG00000167083
Gnl1	ortholog_one2one	1	GNL1:ENSG00000204590
Gnpat	ortholog_one2one	1	GNPAT:ENSG00000116906
Gnptg	ortholog_one2one	1	GNPTG:ENSG00000090581
Golga2	ambiguous_ortholog_one2many	19	GOLGA6C:ENSG00000167195;GOLGA8T:ENSG00000261247;GOLGA8H:ENSG00000261794;GOLGA8N:ENSG00000232653;GOLGA8M:ENSG00000188626;GOLGA2:ENSG00000167110;GOLGA8B:ENSG00000215252;GOLGA6D:ENSG00000140478;GOLGA6A:ENSG00000159289;GOLGA8R:ENSG00000186399;GOLGA6B:ENSG00000215186;GOLGA8J:ENSG00000179938;GOLGA8K:ENSG00000249931;GOLGA8A:ENSG00000175265;GOLGA8Q:ENSG00000178115;GOLGA8G:ENSG00000183629;GOLGA8O:ENSG00000206127;GOLGA8F:ENSG00000153684;GOLGA8S:ENSG00000261739
Golm1	ortholog_one2one	1	GOLM1:ENSG00000135052
Gpc1	ortholog_one2one	1	GPC1:ENSG00000063660
Gpr126	NOT_FOUND_IN_BIOMART	0	
Gpr137B	NOT_FOUND_IN_BIOMART	0	
Gprc5A	NOT_FOUND_IN_BIOMART	0	
Gpsm1	ortholog_one2one	1	GPSM1:ENSG00000160360
Gpx2	ortholog_one2one	1	GPX2:ENSG00000176153
Gramd1B	NOT_FOUND_IN_BIOMART	0	
Grasp	NOT_FOUND_IN_BIOMART	0	
Grb10	ortholog_one2one	1	GRB10:ENSG00000106070
Grem1	ortholog_one2one	1	GREM1:ENSG00000166923
Grhl1	ortholog_one2one	1	GRHL1:ENSG00000134317
Gsdmd	ortholog_one2one	1	GSDMD:ENSG00000104518
Gsn	ortholog_one2one	1	GSN:ENSG00000148180
Gspt2	ortholog_one2one	1	GSPT2:ENSG00000189369
Gsta4	NO_ORTHOLOG	0	
Gsto1	ortholog_one2one	1	GSTO1:ENSG00000148834
Gtf3C5	NOT_FOUND_IN_BIOMART	0	
Gtse1	ortholog_one2one	1	GTSE1:ENSG00000075218
Gucy1A3	NOT_FOUND_IN_BIOMART	0	
Gzmm	ortholog_one2one	1	GZMM:ENSG00000197540
H2-Ab1	ambiguous_ortholog_one2many	2	HLA-DQB2:ENSG00000232629;HLA-DQB1:ENSG00000179344
H2-T24	NO_ORTHOLOG	0	
H6Pd	NOT_FOUND_IN_BIOMART	0	
Haghl	ortholog_one2one	1	HAGHL:ENSG00000103253
Hap1	ortholog_one2one	1	HAP1:ENSG00000173805
Hbegf	ortholog_one2one	1	HBEGF:ENSG00000113070
Hdac2	ortholog_one2one	1	HDAC2:ENSG00000196591
Hdac7	ortholog_one2one	1	HDAC7:ENSG00000061273
Hebp2	ortholog_one2one	1	HEBP2:ENSG00000051620
Heg1	ortholog_one2one	1	HEG1:ENSG00000173706
Herc6	ortholog_one2one	1	HERC6:ENSG00000138642
Hgfac	ortholog_one2one	1	HGFAC:ENSG00000109758
Hhex	NO_ORTHOLOG	0	
Hid1	ortholog_one2one	1	HID1:ENSG00000167861
Hif3A	NOT_FOUND_IN_BIOMART	0	
Hilpda	ortholog_one2one	1	HILPDA:ENSG00000135245
Hist1H1C	NOT_FOUND_IN_BIOMART	0	
Hist1H1E	NOT_FOUND_IN_BIOMART	0	
Hist1H2Ai	NOT_FOUND_IN_BIOMART	0	
Hist1H2Bh	NOT_FOUND_IN_BIOMART	0	
Hist1H2Bj	NOT_FOUND_IN_BIOMART	0	
Hist1H2Bk	NOT_FOUND_IN_BIOMART	0	
Hist1H2Bm	NOT_FOUND_IN_BIOMART	0	
Hist1H3C	NOT_FOUND_IN_BIOMART	0	
Hist1H3E	NOT_FOUND_IN_BIOMART	0	
Hist2H2Ac	NOT_FOUND_IN_BIOMART	0	
Hist4H4	NOT_FOUND_IN_BIOMART	0	
Hk1	ortholog_one2one	1	HK1:ENSG00000156515
Hk2	ortholog_one2one	1	HK2:ENSG00000159399
Hlcs	ortholog_one2one	1	HLCS:ENSG00000159267
Hmgb3	NO_ORTHOLOG	0	
Hmgcll1	ortholog_one2one	1	HMGCLL1:ENSG00000146151
Hmgcr	ortholog_one2one	1	HMGCR:ENSG00000113161
Hmox1	ortholog_one2one	1	HMOX1:ENSG00000100292
Hnf1B	NOT_FOUND_IN_BIOMART	0	
Hnrnpk	ortholog_one2one	1	HNRNPK:ENSG00000165119
Homer3	ortholog_one2one	1	HOMER3:ENSG00000051128
Hoxb6	ortholog_one2one	1	HOXB6:ENSG00000108511
Hpcal1	ortholog_one2one	1	HPCAL1:ENSG00000115756
Hpcal4	ortholog_one2one	1	HPCAL4:ENSG00000116983
Hpn	ortholog_one2one	1	HPN:ENSG00000105707
Hpse	ortholog_one2one	1	HPSE:ENSG00000173083
Hpx	ortholog_one2one	1	HPX:ENSG00000110169
Hr	ortholog_one2one	1	HR:ENSG00000168453
Hs3St1	NOT_FOUND_IN_BIOMART	0	
Hs6St2	NOT_FOUND_IN_BIOMART	0	
Hsbp1	ortholog_one2one	1	HSBP1:ENSG00000230989
Hsd17B2	NOT_FOUND_IN_BIOMART	0	
Hsp90Aa1	NOT_FOUND_IN_BIOMART	0	
Hsp90Ab1	NOT_FOUND_IN_BIOMART	0	
Hspa1A	NOT_FOUND_IN_BIOMART	0	
Hspa1B	NOT_FOUND_IN_BIOMART	0	
Hspa2	ortholog_one2one	1	HSPA2:ENSG00000126803
Hspb1	ortholog_one2one	1	HSPB1:ENSG00000106211
Hspg2	ortholog_one2one	1	HSPG2:ENSG00000142798
Hsph1	ortholog_one2one	1	HSPH1:ENSG00000120694
Htr1D	NOT_FOUND_IN_BIOMART	0	
Htra3	ortholog_one2one	1	HTRA3:ENSG00000170801
Hyal1	ortholog_one2one	1	HYAL1:ENSG00000114378
I830012O16Rik	NOT_FOUND_IN_BIOMART	0	
Icam1	ortholog_one2one	1	ICAM1:ENSG00000090339
Id1	ortholog_one2one	1	ID1:ENSG00000125968
Id2	ortholog_one2one	1	ID2:ENSG00000115738
Id3	ortholog_one2one	1	ID3:ENSG00000117318
Ier3	ortholog_one2one	1	IER3:ENSG00000137331
Ier5L	NOT_FOUND_IN_BIOMART	0	
Iffo2	ortholog_one2one	1	IFFO2:ENSG00000169991
Ifi202B	NOT_FOUND_IN_BIOMART	0	
Ifi27L1	NOT_FOUND_IN_BIOMART	0	
Ifi27L2A	NOT_FOUND_IN_BIOMART	0	
Ifit1	ambiguous_ortholog_one2many	1	IFIT1B:ENSG00000204010
Ifit3	ambiguous_ortholog_one2many	1	IFIT3:ENSG00000119917
Ifitm3	ambiguous_ortholog_many2many	3	IFITM1:ENSG00000185885;IFITM2:ENSG00000185201;IFITM3:ENSG00000142089
Ifrd1	ortholog_one2one	1	IFRD1:ENSG00000006652
Ift122	ortholog_one2one	1	IFT122:ENSG00000163913
Ift27	ortholog_one2one	1	IFT27:ENSG00000100360
Ift43	ortholog_one2one	1	IFT43:ENSG00000119650
Ift57	ortholog_one2one	1	IFT57:ENSG00000114446
Ift74	ortholog_one2one	1	IFT74:ENSG00000096872
Ift81	ortholog_one2one	1	IFT81:ENSG00000122970
Igf1R	NOT_FOUND_IN_BIOMART	0	
Igfbp3	ortholog_one2one	1	IGFBP3:ENSG00000146674
Igfbp5	ortholog_one2one	1	IGFBP5:ENSG00000115461
Igfbp7	ortholog_one2one	1	IGFBP7:ENSG00000163453
Ighm	ortholog_one2one	1	IGHM:ENSG00000211899
Igsf1	ortholog_one2one	1	IGSF1:ENSG00000147255
Igtp	ambiguous_ortholog_one2many	1	IRGM:ENSG00000237693
Iigp1	NO_ORTHOLOG	0	
Ikbkg	ortholog_one2one	1	IKBKG:ENSG00000269335
Il17Re	NOT_FOUND_IN_BIOMART	0	
Il1A	NOT_FOUND_IN_BIOMART	0	
Il1Rn	NOT_FOUND_IN_BIOMART	0	
Il24	ortholog_one2one	1	IL24:ENSG00000162892
Il28Ra	NOT_FOUND_IN_BIOMART	0	
Il33	ortholog_one2one	1	IL33:ENSG00000137033
Il34	ortholog_one2one	1	IL34:ENSG00000157368
Il3Ra	NOT_FOUND_IN_BIOMART	0	
Il4Ra	NOT_FOUND_IN_BIOMART	0	
Il7	ortholog_one2one	1	IL7:ENSG00000104432
Ildr1	ortholog_one2one	1	ILDR1:ENSG00000145103
Ildr2	ortholog_one2one	1	ILDR2:ENSG00000143195
Inf2	ortholog_one2one	1	INF2:ENSG00000203485
Inhba	ortholog_one2one	1	INHBA:ENSG00000122641
Inpp5K	NOT_FOUND_IN_BIOMART	0	
Insig2	ortholog_one2one	1	INSIG2:ENSG00000125629
Ip6K2	NOT_FOUND_IN_BIOMART	0	
Ipo4	ortholog_one2one	1	IPO4:ENSG00000196497
Iqcb1	ortholog_one2one	1	IQCB1:ENSG00000173226
Iqce	NO_ORTHOLOG	0	
Iqgap2	ortholog_one2one	1	IQGAP2:ENSG00000145703
Irak1Bp1	NOT_FOUND_IN_BIOMART	0	
Irak2	ortholog_one2one	1	IRAK2:ENSG00000134070
Irf1	ortholog_one2one	1	IRF1:ENSG00000125347
Irf2Bpl	NOT_FOUND_IN_BIOMART	0	
Irf6	ortholog_one2one	1	IRF6:ENSG00000117595
Irf7	ortholog_one2one	1	IRF7:ENSG00000185507
Irf9	ortholog_one2one	1	IRF9:ENSG00000213928
Irgm1	ambiguous_ortholog_one2many	1	IRGM:ENSG00000237693
Irgm2	ambiguous_ortholog_one2many	1	IRGM:ENSG00000237693
Isg15	ortholog_one2one	1	ISG15:ENSG00000187608
Isg20	ortholog_one2one	1	ISG20:ENSG00000172183
Isx	ortholog_one2one	1	ISX:ENSG00000175329
Itga2	ortholog_one2one	1	ITGA2:ENSG00000164171
Itga2B	NOT_FOUND_IN_BIOMART	0	
Itga3	ortholog_one2one	1	ITGA3:ENSG00000005884
Itga6	ortholog_one2one	1	ITGA6:ENSG00000091409
Itgav	ortholog_one2one	1	ITGAV:ENSG00000138448
Itgb1Bp1	NOT_FOUND_IN_BIOMART	0	
Itgb4	ortholog_one2one	1	ITGB4:ENSG00000132470
Itgb6	ortholog_one2one	1	ITGB6:ENSG00000115221
Itm2B	NOT_FOUND_IN_BIOMART	0	
Itpr2	ortholog_one2one	1	ITPR2:ENSG00000123104
Itpripl2	ortholog_one2one	1	ITPRIPL2:ENSG00000205730
Ivl	NO_ORTHOLOG	0	
Jag2	ortholog_one2one	1	JAG2:ENSG00000184916
Jdp2	ortholog_one2one	1	JDP2:ENSG00000140044
Jkamp	ambiguous_ortholog_one2many	1	JKAMP:ENSG00000050130
Jub	NOT_FOUND_IN_BIOMART	0	
Junb	ortholog_one2one	1	JUNB:ENSG00000171223
Jup	ortholog_one2one	1	JUP:ENSG00000173801
Kank3	ortholog_one2one	1	KANK3:ENSG00000186994
Kansl1L	NOT_FOUND_IN_BIOMART	0	
Katnb1	ortholog_one2one	1	KATNB1:ENSG00000140854
Kbtbd11	ortholog_one2one	1	KBTBD11:ENSG00000176595
Kbtbd3	ortholog_one2one	1	KBTBD3:ENSG00000182359
Kcnk1	ortholog_one2one	1	KCNK1:ENSG00000135750
Kcnn4	ortholog_one2one	1	KCNN4:ENSG00000104783
Kcp	ortholog_one2one	1	KCP:ENSG00000135253
Kctd1	ortholog_one2one	1	KCTD1:ENSG00000134504
Kctd10	ortholog_one2one	1	KCTD10:ENSG00000110906
Kctd11	ortholog_one2one	1	KCTD11:ENSG00000213859
Kctd17	ortholog_one2one	1	KCTD17:ENSG00000100379
Kctd21	ortholog_one2one	1	KCTD21:ENSG00000188997
Kdm5A	NOT_FOUND_IN_BIOMART	0	
Khdc1A	NOT_FOUND_IN_BIOMART	0	
Kif12	ortholog_one2one	1	KIF12:ENSG00000136883
Kif1A	NOT_FOUND_IN_BIOMART	0	
Kif20B	NOT_FOUND_IN_BIOMART	0	
Kif3A	NOT_FOUND_IN_BIOMART	0	
Kif3C	NOT_FOUND_IN_BIOMART	0	
Kif9	ortholog_one2one	1	KIF9:ENSG00000088727
Kifap3	ortholog_one2one	1	KIFAP3:ENSG00000075945
Kifc3	ortholog_one2one	1	KIFC3:ENSG00000140859
Kirrel	NOT_FOUND_IN_BIOMART	0	
Klc3	ortholog_one2one	1	KLC3:ENSG00000104892
Klf4	ortholog_one2one	1	KLF4:ENSG00000136826
Klf6	ortholog_one2one	1	KLF6:ENSG00000067082
Klhl13	ortholog_one2one	1	KLHL13:ENSG00000003096
Klrg2	ortholog_one2one	1	KLRG2:ENSG00000188883
Krba1	ortholog_one2one	1	KRABD3:ENSG00000133619
Krt13	NO_ORTHOLOG	0	
Krt14	ortholog_one2one	1	KRT14:ENSG00000186847
Krt15	ortholog_one2one	1	KRT15:ENSG00000171346
Krt16	ortholog_one2one	1	KRT16:ENSG00000186832
Krt17	ortholog_one2one	1	KRT17:ENSG00000128422
Krt18	ortholog_one2one	1	KRT18:ENSG00000111057
Krt19	ortholog_one2one	1	KRT19:ENSG00000171345
Krt20	ortholog_one2one	1	KRT20:ENSG00000171431
Krt23	ortholog_one2one	1	KRT23:ENSG00000108244
Krt4	ortholog_one2one	1	KRT4:ENSG00000170477
Krt6A	NOT_FOUND_IN_BIOMART	0	
Krt7	ortholog_one2one	1	KRT7:ENSG00000135480
Krt80	ortholog_one2one	1	KRT80:ENSG00000167767
Krt9	ortholog_one2one	1	KRT9:ENSG00000171403
Ktn1	ortholog_one2one	1	KTN1:ENSG00000126777
Lama3	ortholog_one2one	1	LAMA3:ENSG00000053747
Lama4	ortholog_one2one	1	LAMA4:ENSG00000112769
Lama5	ortholog_one2one	1	LAMA5:ENSG00000130702
Lamb1	ortholog_one2one	1	LAMB1:ENSG00000091136
Lamb2	ortholog_one2one	1	LAMB2:ENSG00000172037
Lamb3	ortholog_one2one	1	LAMB3:ENSG00000196878
Lamc1	ortholog_one2one	1	LAMC1:ENSG00000135862
Lamc2	ortholog_one2one	1	LAMC2:ENSG00000058085
Laptm5	ortholog_one2one	1	LAPTM5:ENSG00000162511
Lasp1	ortholog_one2one	1	LASP1:ENSG00000002834
Lats2	ortholog_one2one	1	LATS2:ENSG00000150457
Lbh	ortholog_one2one	1	LBH:ENSG00000213626
Lbp	ortholog_one2one	1	LBP:ENSG00000129988
Lcn2	ortholog_one2one	1	LCN2:ENSG00000148346
Ldhb	ortholog_one2one	1	LDHB:ENSG00000111716
Ldhd	ortholog_one2one	1	LDHD:ENSG00000166816
Ldoc1L	NOT_FOUND_IN_BIOMART	0	
Lefty1	ambiguous_ortholog_many2many	2	LEFTY1:ENSG00000243709;LEFTY2:ENSG00000143768
Leprel4	NOT_FOUND_IN_BIOMART	0	
Leprotl1	ortholog_one2one	1	LEPROTL1:ENSG00000104660
Lgals1	ortholog_one2one	1	LGALS1:ENSG00000100097
Lgals3	ortholog_one2one	1	LGALS3:ENSG00000131981
Lgals3Bp	NOT_FOUND_IN_BIOMART	0	
Lgi2	ortholog_one2one	1	LGI2:ENSG00000153012
Lgmn	ortholog_one2one	1	LGMN:ENSG00000100600
Lhfpl2	ortholog_one2one	1	LHFPL2:ENSG00000145685
Limk1	ortholog_one2one	1	LIMK1:ENSG00000106683
Lims2	ortholog_one2one	1	LIMS2:ENSG00000072163
Lipa	ortholog_one2one	1	LIPA:ENSG00000107798
Litaf	ortholog_one2one	1	LITAF:ENSG00000189067
Lman2L	NOT_FOUND_IN_BIOMART	0	
Lmna	ortholog_one2one	1	LMNA:ENSG00000160789
Lmo4	ortholog_one2one	1	LMO4:ENSG00000143013
Lmo7	ortholog_one2one	1	LMO7:ENSG00000136153
Lor	NOT_FOUND_IN_BIOMART	0	
Loxl4	ortholog_one2one	1	LOXL4:ENSG00000138131
Lpar6	ortholog_one2one	1	LPAR6:ENSG00000139679
Lpcat4	ortholog_one2one	1	LPCAT4:ENSG00000176454
Lphn3	NOT_FOUND_IN_BIOMART	0	
Lrg1	ortholog_one2one	1	LRG1:ENSG00000171236
Lrp6	ortholog_one2one	1	LRP6:ENSG00000070018
Lrrc20	ortholog_one2one	1	LRRC20:ENSG00000172731
Lrrc26	ortholog_one2one	1	LRRC26:ENSG00000184709
Lrrc49	ortholog_one2one	1	LRRC49:ENSG00000137821
Lrrc8E	NOT_FOUND_IN_BIOMART	0	
Lrrfip1	ortholog_one2one	1	LRRFIP1:ENSG00000124831
Lsm11	ortholog_one2one	1	LSM11:ENSG00000155858
Lsm6	ortholog_one2one	1	LSM6:ENSG00000164167
Lss	ortholog_one2one	1	LSS:ENSG00000160285
Lst1	ortholog_one2one	1	LST1:ENSG00000204482
Ltb	ortholog_one2one	1	LTB:ENSG00000227507
Ltbp1	ortholog_one2one	1	LTBP1:ENSG00000049323
Ltbp3	ortholog_one2one	1	LTBP3:ENSG00000168056
Ltbp4	ortholog_one2one	1	LTBP4:ENSG00000090006
Ltf	ortholog_one2one	1	LTF:ENSG00000012223
Luc7L3	NOT_FOUND_IN_BIOMART	0	
Lum	ortholog_one2one	1	LUM:ENSG00000139329
Lurap1L	NOT_FOUND_IN_BIOMART	0	
Lxn	ortholog_one2one	1	LXN:ENSG00000079257
Ly6A	NOT_FOUND_IN_BIOMART	0	
Ly6C1	NOT_FOUND_IN_BIOMART	0	
Ly6C2	NOT_FOUND_IN_BIOMART	0	
Ly6D	NOT_FOUND_IN_BIOMART	0	
Ly6E	NOT_FOUND_IN_BIOMART	0	
Ly6G6E	NOT_FOUND_IN_BIOMART	0	
Ly96	ortholog_one2one	1	LY96:ENSG00000154589
Lynx1	NO_ORTHOLOG	0	
Lypd3	ortholog_one2one	1	LYPD3:ENSG00000124466
Lyplal1	ortholog_one2one	1	LYPLAL1:ENSG00000143353
Macf1	ortholog_one2one	1	MACF1:ENSG00000127603
Maff	ortholog_one2one	1	MAFF:ENSG00000185022
Maged1	ortholog_one2one	1	MAGED1:ENSG00000179222
Maged2	ortholog_one2one	1	MAGED2:ENSG00000102316
Magee1	ortholog_one2one	1	MAGEE1:ENSG00000198934
Mal	ortholog_one2one	1	MAL:ENSG00000172005
Maml2	ortholog_one2one	1	MAML2:ENSG00000184384
Man2A2	NOT_FOUND_IN_BIOMART	0	
Manba	ortholog_one2one	1	MANBA:ENSG00000109323
Map1B	NOT_FOUND_IN_BIOMART	0	
Map1Lc3A	NOT_FOUND_IN_BIOMART	0	
Map1S	NOT_FOUND_IN_BIOMART	0	
Map3K12	NOT_FOUND_IN_BIOMART	0	
Map7D1	NOT_FOUND_IN_BIOMART	0	
Map9	ortholog_one2one	1	MAP9:ENSG00000164114
Mapk11	ortholog_one2one	1	MAPK11:ENSG00000185386
Mapk12	ortholog_one2one	1	MAPK12:ENSG00000188130
Mapk8Ip1	NOT_FOUND_IN_BIOMART	0	
Mapre1	ortholog_one2one	1	MAPRE1:ENSG00000101367
Mapre2	ortholog_one2one	1	MAPRE2:ENSG00000166974
Marcksl1	ortholog_one2one	1	MARCKSL1:ENSG00000175130
Marveld1	ortholog_one2one	1	MARVELD1:ENSG00000155254
Mbnl2	ortholog_one2one	1	MBNL2:ENSG00000139793
Mboat1	ortholog_one2one	1	MBOAT1:ENSG00000172197
Mboat2	ortholog_one2one	1	MBOAT2:ENSG00000143797
Mcam	ortholog_one2one	1	MCAM:ENSG00000076706
Mcc	ortholog_one2one	1	MCC:ENSG00000171444
Mdfi	ortholog_one2one	1	MDFI:ENSG00000112559
Mdfic	ortholog_one2one	1	MDFIC:ENSG00000135272
Mdm2	ortholog_one2one	1	MDM2:ENSG00000135679
Me1	ortholog_one2one	1	ME1:ENSG00000065833
Mea1	ortholog_one2one	1	MEA1:ENSG00000124733
Med31	ortholog_one2one	1	MED31:ENSG00000108590
Medag	ortholog_one2one	1	MEDAG:ENSG00000102802
Megf8	ortholog_one2one	1	MEGF8:ENSG00000105429
Meis1	ortholog_one2one	1	MEIS1:ENSG00000143995
Meis2	ortholog_one2one	1	MEIS2:ENSG00000134138
Metrn	ortholog_one2one	1	METRN:ENSG00000103260
Mettl7B	NOT_FOUND_IN_BIOMART	0	
Mfap3L	NOT_FOUND_IN_BIOMART	0	
Mfap5	ortholog_one2one	1	MFAP5:ENSG00000197614
Mfhas1	ortholog_one2one	1	MFHAS1:ENSG00000147324
Mfsd1	ortholog_one2one	1	MFSD1:ENSG00000118855
Mfsd2A	NOT_FOUND_IN_BIOMART	0	
Mgarp	ortholog_one2one	1	MGARP:ENSG00000137463
Mgat3	ortholog_one2one	1	MGAT3:ENSG00000128268
Mgat4C	NOT_FOUND_IN_BIOMART	0	
Mgmt	ortholog_one2one	1	MGMT:ENSG00000170430
Mgp	ortholog_one2one	1	MGP:ENSG00000111341
Mis12	ortholog_one2one	1	MIS12:ENSG00000167842
Mkrn3	ortholog_one2one	1	MKRN3:ENSG00000179455
Mlf1	ortholog_one2one	1	MLF1:ENSG00000178053
Mlkl	ortholog_one2one	1	MLKL:ENSG00000168404
Mmp11	ortholog_one2one	1	MMP11:ENSG00000099953
Mmp13	ortholog_one2one	1	MMP13:ENSG00000137745
Mmp14	ortholog_one2one	1	MMP14:ENSG00000157227
Mmp15	ortholog_one2one	1	MMP15:ENSG00000102996
Mmp2	ortholog_one2one	1	MMP2:ENSG00000087245
Mmp23	ortholog_one2one	1	MMP23B:ENSG00000189409
Mmp7	ortholog_one2one	1	MMP7:ENSG00000137673
Mndal	ambiguous_ortholog_one2many	1	MNDA:ENSG00000163563
Mob1A	NOT_FOUND_IN_BIOMART	0	
Morf4L1	NOT_FOUND_IN_BIOMART	0	
Morn2	ortholog_one2one	1	MORN2:ENSG00000188010
Mpv17	ortholog_one2one	1	MPV17:ENSG00000115204
Mras	ortholog_one2one	1	MRAS:ENSG00000158186
Mrc1	ortholog_one2one	1	MRC1:ENSG00000260314
Mrpl18	ortholog_one2one	1	MRPL18:ENSG00000112110
Mrpl43	ortholog_one2one	1	MRPL43:ENSG00000055950
Mrpl9	ortholog_one2one	1	MRPL9:ENSG00000143436
Msantd3	ortholog_one2one	1	MSANTD3:ENSG00000066697
Msantd4	ortholog_one2one	1	MSANTD4:ENSG00000170903
Msln	ortholog_one2one	1	MSLN:ENSG00000102854
Msn	ortholog_one2one	1	MSN:ENSG00000147065
Msrb2	ortholog_one2one	1	MSRB2:ENSG00000148450
Mt-Tc	NOT_FOUND_IN_BIOMART	0	
Mt-Tp	NOT_FOUND_IN_BIOMART	0	
Mtap	ortholog_one2one	1	MTAP:ENSG00000099810
Mtap6	NOT_FOUND_IN_BIOMART	0	
Mtmr10	ortholog_one2one	1	MTMR10:ENSG00000166912
Mtmr11	ortholog_one2one	1	MTMR11:ENSG00000014914
Muc1	ortholog_one2one	1	MUC1:ENSG00000185499
Muc20	ortholog_one2one	1	MUC20:ENSG00000176945
Muc4	ortholog_one2one	1	MUC4:ENSG00000145113
Mvp	ortholog_one2one	1	MVP:ENSG00000013364
Mx2	ambiguous_ortholog_one2many	1	MX1:ENSG00000157601
Mxd4	ortholog_one2one	1	MXD4:ENSG00000123933
Mycbp2	ortholog_one2one	1	MYCBP2:ENSG00000005810
Mycbpap	ortholog_one2one	1	MYCBPAP:ENSG00000136449
Myl12A	NOT_FOUND_IN_BIOMART	0	
Myl7	ortholog_one2one	1	MYL7:ENSG00000106631
Myl9	ortholog_one2one	1	MYL9:ENSG00000101335
Myo1C	NOT_FOUND_IN_BIOMART	0	
Myo1E	NOT_FOUND_IN_BIOMART	0	
Myo1H	NOT_FOUND_IN_BIOMART	0	
Myo5C	NOT_FOUND_IN_BIOMART	0	
Myo7A	NOT_FOUND_IN_BIOMART	0	
Myo9B	NOT_FOUND_IN_BIOMART	0	
Myof	ortholog_one2one	1	MYOF:ENSG00000138119
Naglu	ortholog_one2one	1	NAGLU:ENSG00000108784
Nap1L1	NOT_FOUND_IN_BIOMART	0	
Napa	ortholog_one2one	1	NAPA:ENSG00000105402
Napg	ortholog_one2one	1	NAPG:ENSG00000134265
Napsa	ortholog_one2one	1	NAPSA:ENSG00000131400
Nbea	ortholog_one2one	1	NBEA:ENSG00000172915
Nbl1	ortholog_one2one	1	NBL1:ENSG00000158747
Nceh1	ortholog_one2one	1	NCEH1:ENSG00000144959
Nckap1	ortholog_one2one	1	NCKAP1:ENSG00000061676
Ncmap	ortholog_one2one	1	NCMAP:ENSG00000184454
Ncrna00085	NOT_FOUND_IN_BIOMART	0	
Ndn	ortholog_one2one	1	NDN:ENSG00000182636
Nefh	ortholog_one2one	1	NEFH:ENSG00000100285
Nenf	ortholog_one2one	1	NENF:ENSG00000117691
Nes	ortholog_one2one	1	NES:ENSG00000132688
Neu1	ortholog_one2one	1	NEU1:ENSG00000204386
Nfe2L3	NOT_FOUND_IN_BIOMART	0	
Ngfrap1	NOT_FOUND_IN_BIOMART	0	
Nicn1	ortholog_one2one	1	NICN1:ENSG00000145029
Nid1	ortholog_one2one	1	NID1:ENSG00000116962
Nipa1	ortholog_one2one	1	NIPA1:ENSG00000170113
Nipal2	ortholog_one2one	1	NIPAL2:ENSG00000104361
Nkx2-6	ortholog_one2one	1	NKX2-6:ENSG00000180053
Nme1	ortholog_one2one	1	NME1:ENSG00000239672
Nme5	ortholog_one2one	1	NME5:ENSG00000112981
Nono	ortholog_one2one	1	NONO:ENSG00000147140
Nop58	ortholog_one2one	1	NOP58:ENSG00000055044
Nos2	ortholog_one2one	1	NOS2:ENSG00000007171
Nos3	ortholog_one2one	1	NOS3:ENSG00000164867
Notch3	ortholog_one2one	1	NOTCH3:ENSG00000074181
Noxo1	ortholog_one2one	1	NOXO1:ENSG00000196408
Nphp1	ortholog_one2one	1	NPHP1:ENSG00000144061
Nphp4	ortholog_one2one	1	NPHP4:ENSG00000131697
Npnt	ortholog_one2one	1	NPNT:ENSG00000168743
Nr2F2	NOT_FOUND_IN_BIOMART	0	
Nr4A1	NOT_FOUND_IN_BIOMART	0	
Nrep	ortholog_one2one	1	NREP:ENSG00000134986
Nrip3	ortholog_one2one	1	NRIP3:ENSG00000175352
Nrp1	ortholog_one2one	1	NRP1:ENSG00000099250
Nt5C2	NOT_FOUND_IN_BIOMART	0	
Nt5E	NOT_FOUND_IN_BIOMART	0	
Ntrk2	ortholog_one2one	1	NTRK2:ENSG00000148053
Nudt18	ortholog_one2one	1	NUDT18:ENSG00000275074
Nutf2	ambiguous_ortholog_one2many	1	NUTF2:ENSG00000102898
Nxn	ortholog_one2one	1	NXN:ENSG00000167693
Nxnl2	ortholog_one2one	1	NXNL2:ENSG00000130045
Oas1F	NOT_FOUND_IN_BIOMART	0	
Oas2	ortholog_one2one	1	OAS2:ENSG00000111335
Oas3	ortholog_one2one	1	OAS3:ENSG00000111331
Oasl1	ortholog_one2one	1	OASL:ENSG00000135114
Oasl2	NO_ORTHOLOG	0	
Oaz2	ortholog_one2one	1	OAZ2:ENSG00000180304
Ogn	ortholog_one2one	1	OGN:ENSG00000106809
Olfr1318	NOT_FOUND_IN_BIOMART	0	
Omp	ortholog_one2one	1	OMP:ENSG00000254550
Onecut2	ortholog_one2one	1	ONECUT2:ENSG00000119547
Ophn1	ortholog_one2one	1	OPHN1:ENSG00000079482
Orai1	ortholog_one2one	1	ORAI1:ENSG00000276045
Orai3	ortholog_one2one	1	ORAI3:ENSG00000175938
Osbpl3	ortholog_one2one	1	OSBPL3:ENSG00000070882
Osbpl5	ortholog_one2one	1	OSBPL5:ENSG00000021762
Osgin1	ortholog_one2one	1	OSGIN1:ENSG00000140961
Osmr	ortholog_one2one	1	OSMR:ENSG00000145623
Osr1	ortholog_one2one	1	OSR1:ENSG00000143867
Otop3	ortholog_one2one	1	OTOP3:ENSG00000182938
Otub2	ortholog_one2one	1	OTUB2:ENSG00000089723
Otud1	ortholog_one2one	1	OTUD1:ENSG00000165312
Otud7B	NOT_FOUND_IN_BIOMART	0	
Oxct2B	NOT_FOUND_IN_BIOMART	0	
Oxr1	ortholog_one2one	1	OXR1:ENSG00000164830
P2Rx2	NOT_FOUND_IN_BIOMART	0	
P2Ry2	NOT_FOUND_IN_BIOMART	0	
P2Ry6	NOT_FOUND_IN_BIOMART	0	
Pabpc1	NO_ORTHOLOG	0	
Pabpn1	ortholog_one2one	1	PABPN1:ENSG00000100836
Pacrg	ortholog_one2one	1	PACRG:ENSG00000112530
Pacsin3	ortholog_one2one	1	PACSIN3:ENSG00000165912
Padi2	ortholog_one2one	1	PADI2:ENSG00000117115
Pak1	ortholog_one2one	1	PAK1:ENSG00000149269
Pak3	ortholog_one2one	1	PAK3:ENSG00000077264
Pak6	ortholog_one2one	1	PAK6:ENSG00000137843
Pald1	ortholog_one2one	1	PALD1:ENSG00000107719
Palld	ortholog_one2one	1	PALLD:ENSG00000129116
Palm	ortholog_one2one	1	PALM:ENSG00000099864
Palmd	ortholog_one2one	1	PALMD:ENSG00000099260
Pam	ortholog_one2one	1	PAM:ENSG00000145730
Pamr1	ortholog_one2one	1	PAMR1:ENSG00000149090
Paqr5	ortholog_one2one	1	PAQR5:ENSG00000137819
Paqr7	ortholog_one2one	1	PAQR7:ENSG00000182749
Paqr8	ortholog_one2one	1	PAQR8:ENSG00000170915
Pard6B	NOT_FOUND_IN_BIOMART	0	
Parm1	ortholog_one2one	1	PARM1:ENSG00000169116
Parp12	ortholog_one2one	1	PARP12:ENSG00000059378
Parp14	ortholog_one2one	1	PARP14:ENSG00000173193
Parp8	ortholog_one2one	1	PARP8:ENSG00000151883
Parva	ortholog_one2one	1	PARVA:ENSG00000197702
Pax8	ortholog_one2one	1	PAX8:ENSG00000125618
Pbdc1	ortholog_one2one	1	PBDC1:ENSG00000102390
Pbx1	ortholog_one2one	1	PBX1:ENSG00000185630
Pbxip1	ortholog_one2one	1	PBXIP1:ENSG00000163346
Pcbp3	ortholog_one2one	1	PCBP3:ENSG00000183570
Pcgf6	ortholog_one2one	1	PCGF6:ENSG00000156374
Pcnxl4	NOT_FOUND_IN_BIOMART	0	
Pcolce	ortholog_one2one	1	PCOLCE:ENSG00000106333
Pcsk6	ortholog_one2one	1	PCSK6:ENSG00000140479
Pcyt1A	NOT_FOUND_IN_BIOMART	0	
Pcyt1B	NOT_FOUND_IN_BIOMART	0	
Pdgfb	ortholog_one2one	1	PDGFB:ENSG00000100311
Pdgfc	ortholog_one2one	1	PDGFC:ENSG00000145431
Pdgfra	ortholog_one2one	1	PDGFRA:ENSG00000134853
Pdlim2	ortholog_one2one	1	PDLIM2:ENSG00000120913
Pdlim4	ortholog_one2one	1	PDLIM4:ENSG00000131435
Pdlim7	ortholog_one2one	1	PDLIM7:ENSG00000196923
Pdpn	ortholog_one2one	1	PDPN:ENSG00000162493
Pdrg1	ortholog_one2one	1	PDRG1:ENSG00000088356
Pdxk	ortholog_one2one	1	PDXK:ENSG00000160209
Pdzk1Ip1	NOT_FOUND_IN_BIOMART	0	
Pdzrn3	ortholog_one2one	1	PDZRN3:ENSG00000121440
Pear1	ortholog_one2one	1	PEAR1:ENSG00000187800
Perp	ortholog_one2one	1	PERP:ENSG00000112378
Pes1	ortholog_one2one	1	PES1:ENSG00000100029
Pex19	ortholog_one2one	1	PEX19:ENSG00000162735
Pfdn2	ortholog_one2one	1	PFDN2:ENSG00000143256
Pfn2	ortholog_one2one	1	PFN2:ENSG00000070087
Pgap1	ortholog_one2one	1	PGAP1:ENSG00000197121
Pglyrp1	ortholog_one2one	1	PGLYRP1:ENSG00000008438
Phlda1	ortholog_one2one	1	PHLDA1:ENSG00000139289
Phlda2	ortholog_one2one	1	PHLDA2:ENSG00000181649
Phlda3	ortholog_one2one	1	PHLDA3:ENSG00000174307
Phldb2	ortholog_one2one	1	PHLDB2:ENSG00000144824
Pias3	ortholog_one2one	1	PIAS3:ENSG00000131788
Picalm	ortholog_one2one	1	PICALM:ENSG00000073921
Piezo1	ortholog_one2one	1	PIEZO1:ENSG00000103335
Pifo	NOT_FOUND_IN_BIOMART	0	
Pik3C2G	NOT_FOUND_IN_BIOMART	0	
Pik3Ip1	NOT_FOUND_IN_BIOMART	0	
Pik3R3	NOT_FOUND_IN_BIOMART	0	
Pilra	NO_ORTHOLOG	0	
Pim1	ortholog_one2one	1	PIM1:ENSG00000137193
Pip4K2A	NOT_FOUND_IN_BIOMART	0	
Pip4K2B	NOT_FOUND_IN_BIOMART	0	
Pip4K2C	NOT_FOUND_IN_BIOMART	0	
Pip5K1A	NOT_FOUND_IN_BIOMART	0	
Pir	ortholog_one2one	1	PIR:ENSG00000087842
Pitpna	ortholog_one2one	1	PITPNA:ENSG00000174238
Pitpnm3	ortholog_one2one	1	PITPNM3:ENSG00000091622
Pkd2	ortholog_one2one	1	PKD2:ENSG00000118762
Pkia	ortholog_one2one	1	PKIA:ENSG00000171033
Pkp4	ortholog_one2one	1	PKP4:ENSG00000144283
Pla1A	NOT_FOUND_IN_BIOMART	0	
Pla2G15	NOT_FOUND_IN_BIOMART	0	
Pla2G2A	NOT_FOUND_IN_BIOMART	0	
Plat	ortholog_one2one	1	PLAT:ENSG00000104368
Plau	ortholog_one2one	1	PLAU:ENSG00000122861
Plaur	ortholog_one2one	1	PLAUR:ENSG00000011422
Plcd3	ortholog_one2one	1	PLCD3:ENSG00000161714
Pld3	ortholog_one2one	1	PLD3:ENSG00000105223
Plec	ortholog_one2one	1	PLEC:ENSG00000178209
Plekhg3	ortholog_one2one	1	PLEKHG3:ENSG00000126822
Plekhh1	ortholog_one2one	1	PLEKHH1:ENSG00000054690
Plekhm3	ortholog_one2one	1	PLEKHM3:ENSG00000178385
Plekhs1	ortholog_one2one	1	PLEKHS1:ENSG00000148735
Plet1	ortholog_one2one	1	PLET1:ENSG00000188771
Plin4	ortholog_one2one	1	PLIN4:ENSG00000167676
Plk2	ortholog_one2one	1	PLK2:ENSG00000145632
Pllp	ortholog_one2one	1	PLLP:ENSG00000102934
Plod2	ortholog_one2one	1	PLOD2:ENSG00000152952
Pls3	ortholog_one2one	1	PLS3:ENSG00000102024
Plscr1	ambiguous_ortholog_one2many	1	PLSCR1:ENSG00000188313
Plscr2	ambiguous_ortholog_one2many	1	PLSCR1:ENSG00000188313
Plscr4	ortholog_one2one	1	PLSCR4:ENSG00000114698
Pltp	ortholog_one2one	1	PLTP:ENSG00000100979
Plxnb2	ortholog_one2one	1	PLXNB2:ENSG00000196576
Pmaip1	ortholog_one2one	1	PMAIP1:ENSG00000141682
Pmepa1	ortholog_one2one	1	PMEPA1:ENSG00000124225
Pmm1	ortholog_one2one	1	PMM1:ENSG00000100417
Pmp22	ortholog_one2one	1	PMP22:ENSG00000109099
Pnpt1	ortholog_one2one	1	PNPT1:ENSG00000138035
Podxl	ortholog_one2one	1	PODXL:ENSG00000128567
Polr2L	NOT_FOUND_IN_BIOMART	0	
Porcn	ortholog_one2one	1	PORCN:ENSG00000102312
Postn	ortholog_one2one	1	POSTN:ENSG00000133110
Pou6F1	NOT_FOUND_IN_BIOMART	0	
Pparg	ortholog_one2one	1	PPARG:ENSG00000132170
Ppbp	NO_ORTHOLOG	0	
Ppfibp1	ortholog_one2one	1	PPFIBP1:ENSG00000110841
Ppfibp2	ortholog_one2one	1	PPFIBP2:ENSG00000166387
Ppic	ortholog_one2one	1	PPIC:ENSG00000168938
Ppl	ortholog_one2one	1	PPL:ENSG00000118898
Ppm1K	NOT_FOUND_IN_BIOMART	0	
Ppm1M	NOT_FOUND_IN_BIOMART	0	
Ppp1R11	NOT_FOUND_IN_BIOMART	0	
Ppp1R15A	NOT_FOUND_IN_BIOMART	0	
Ppp1R18	NOT_FOUND_IN_BIOMART	0	
Ppp1R2	NOT_FOUND_IN_BIOMART	0	
Ppp1R3C	NOT_FOUND_IN_BIOMART	0	
Ppp1R3D	NOT_FOUND_IN_BIOMART	0	
Ppp1R7	NOT_FOUND_IN_BIOMART	0	
Ppp1R9A	NOT_FOUND_IN_BIOMART	0	
Ppp2R2B	NOT_FOUND_IN_BIOMART	0	
Pramef8	NOT_FOUND_IN_BIOMART	0	
Prc1	ortholog_one2one	1	PRC1:ENSG00000198901
Prkaa1	ortholog_one2one	1	PRKAA1:ENSG00000132356
Prkacb	ortholog_one2one	1	PRKACB:ENSG00000142875
Prkar1A	NOT_FOUND_IN_BIOMART	0	
Prkar2B	NOT_FOUND_IN_BIOMART	0	
Prkca	ortholog_one2one	1	PRKCA:ENSG00000154229
Prkcdbp	NOT_FOUND_IN_BIOMART	0	
Prkch	ortholog_one2one	1	PRKCH:ENSG00000027075
Prkcz	ortholog_one2one	1	PRKCZ:ENSG00000067606
Prkd3	ortholog_one2one	1	PRKD3:ENSG00000115825
Prl2C3	NOT_FOUND_IN_BIOMART	0	
Prmt2	ortholog_one2one	1	PRMT2:ENSG00000160310
Prnd	ortholog_one2one	1	PRND:ENSG00000171864
Prnp	ortholog_one2one	1	PRNP:ENSG00000171867
Proc	NO_ORTHOLOG	0	
Prom1	ortholog_one2one	1	PROM1:ENSG00000007062
Prps2	ortholog_one2one	1	PRPS2:ENSG00000101911
Prr13	NO_ORTHOLOG	0	
Prr18	ortholog_one2one	1	PRR18:ENSG00000176381
Prrg4	ortholog_one2one	1	PRRG4:ENSG00000135378
Prss22	ortholog_one2one	1	PRSS22:ENSG00000005001
Prss23	ortholog_one2one	1	PRSS23:ENSG00000150687
Psapl1	ortholog_one2one	1	PSAPL1:ENSG00000178597
Psca	ortholog_one2one	1	PSCA:ENSG00000167653
Psma3	ortholog_one2one	1	PSMA3:ENSG00000100567
Psrc1	ortholog_one2one	1	PSRC1:ENSG00000134222
Ptgs1	ortholog_one2one	1	PTGS1:ENSG00000095303
Ptgs2	ortholog_one2one	1	PTGS2:ENSG00000073756
Ptk7	ortholog_one2one	1	PTK7:ENSG00000112655
Ptp4A3	NOT_FOUND_IN_BIOMART	0	
Ptpdc1	ortholog_one2one	1	PTPDC1:ENSG00000158079
Ptpn14	ortholog_one2one	1	PTPN14:ENSG00000152104
Ptpn21	ortholog_one2one	1	PTPN21:ENSG00000070778
Ptprb	ortholog_one2one	1	PTPRB:ENSG00000127329
Ptpre	ortholog_one2one	1	PTPRE:ENSG00000132334
Ptprk	ortholog_one2one	1	PTPRK:ENSG00000152894
Ptprr	ortholog_one2one	1	PTPRR:ENSG00000153233
Ptprs	ortholog_one2one	1	PTPRS:ENSG00000105426
Ptprt	ortholog_one2one	1	PTPRT:ENSG00000196090
Ptrf	NOT_FOUND_IN_BIOMART	0	
Ptrh1	ortholog_one2one	1	PTRH1:ENSG00000187024
Pum2	ortholog_one2one	1	PUM2:ENSG00000055917
Pvr	ortholog_one2one	1	PVR:ENSG00000073008
Pwwp2B	NOT_FOUND_IN_BIOMART	0	
Pycr2	ortholog_one2one	1	PYCR2:ENSG00000143811
Pygb	ortholog_one2one	1	PYGB:ENSG00000100994
Qsox1	ortholog_one2one	1	QSOX1:ENSG00000116260
R3Hdm4	NOT_FOUND_IN_BIOMART	0	
Rab11A	NOT_FOUND_IN_BIOMART	0	
Rab11Fip5	NOT_FOUND_IN_BIOMART	0	
Rab12	ortholog_one2one	1	RAB12:ENSG00000206418
Rab15	ortholog_one2one	1	RAB15:ENSG00000139998
Rab27A	NOT_FOUND_IN_BIOMART	0	
Rab27B	NOT_FOUND_IN_BIOMART	0	
Rab31	ortholog_one2one	1	RAB31:ENSG00000168461
Rab32	NO_ORTHOLOG	0	
Rab34	ortholog_one2one	1	RAB34:ENSG00000109113
Rab38	ortholog_one2one	1	RAB38:ENSG00000123892
Rabac1	ortholog_one2one	1	RABAC1:ENSG00000105404
Rac3	ortholog_one2one	1	RAC3:ENSG00000169750
Ranbp1	ortholog_one2one	1	RANBP1:ENSG00000099901
Rap1Gap	NOT_FOUND_IN_BIOMART	0	
Rapgef2	ortholog_one2one	1	RAPGEF2:ENSG00000109756
Rapgef6	ortholog_one2one	1	RAPGEF6:ENSG00000158987
Raph1	ortholog_one2one	1	RAPH1:ENSG00000173166
Rarres2	ortholog_one2one	1	RARRES2:ENSG00000106538
Rasgef1B	NOT_FOUND_IN_BIOMART	0	
Rasgrf1	ortholog_one2one	1	RASGRF1:ENSG00000058335
Rasgrp3	ortholog_one2one	1	RASGRP3:ENSG00000152689
Rasl10A	NOT_FOUND_IN_BIOMART	0	
Rassf1	ortholog_one2one	1	RASSF1:ENSG00000068028
Rassf5	ortholog_one2one	1	RASSF5:ENSG00000266094
Rassf7	ortholog_one2one	1	RASSF7:ENSG00000099849
Rassf8	ortholog_one2one	1	RASSF8:ENSG00000123094
Rassf9	ortholog_one2one	1	RASSF9:ENSG00000198774
Rbbp4	ortholog_one2one	1	RBBP4:ENSG00000162521
Rbbp9	ortholog_one2one	1	RBBP9:ENSG00000089050
Rbm25	ortholog_one2one	1	RBM25:ENSG00000119707
Rbm43	ortholog_one2one	1	RBM43:ENSG00000184898
Rbm4B	NOT_FOUND_IN_BIOMART	0	
Rbms1	ortholog_one2one	1	RBMS1:ENSG00000153250
Rbms3	ortholog_one2one	1	RBMS3:ENSG00000144642
Rbmx2	ortholog_one2one	1	RBMX2:ENSG00000134597
Rbp1	ortholog_one2one	1	RBP1:ENSG00000114115
Rbpj	ortholog_one2one	1	RBPJ:ENSG00000168214
Rbpms	ortholog_one2one	1	RBPMS:ENSG00000157110
Rbx1	ortholog_one2one	1	RBX1:ENSG00000100387
Rcan3	ortholog_one2one	1	RCAN3:ENSG00000117602
Rdh10	ortholog_one2one	1	RDH10:ENSG00000121039
Reep5	ortholog_one2one	1	REEP5:ENSG00000129625
Reg3B	NOT_FOUND_IN_BIOMART	0	
Reg3G	NOT_FOUND_IN_BIOMART	0	
Reln	ortholog_one2one	1	RELN:ENSG00000189056
Rem2	ortholog_one2one	1	REM2:ENSG00000139890
Retnlb	ambiguous_ortholog_one2many	1	RETNLB:ENSG00000163515
Rfc3	ortholog_one2one	1	RFC3:ENSG00000133119
Rfx2	ortholog_one2one	1	RFX2:ENSG00000087903
Rgl1	ortholog_one2one	1	RGL1:ENSG00000143344
Rgl3	ortholog_one2one	1	RGL3:ENSG00000205517
Rgs10	ortholog_one2one	1	RGS10:ENSG00000148908
Rgs19	ortholog_one2one	1	RGS19:ENSG00000171700
Rhbdf1	ortholog_one2one	1	RHBDF1:ENSG00000007384
Rhob	ortholog_one2one	1	RHOB:ENSG00000143878
Rhoc	ortholog_one2one	1	RHOC:ENSG00000155366
Rhod	ortholog_one2one	1	RHOD:ENSG00000173156
Rhof	ortholog_one2one	1	RHOF:ENSG00000139725
Rhoj	ortholog_one2one	1	RHOJ:ENSG00000126785
Rilpl1	ortholog_one2one	1	RILPL1:ENSG00000188026
Rin1	ortholog_one2one	1	RIN1:ENSG00000174791
Rin3	ortholog_one2one	1	RIN3:ENSG00000100599
Ripk3	ortholog_one2one	1	RIPK3:ENSG00000129465
Ripk4	ortholog_one2one	1	RIPK4:ENSG00000183421
Ripply3	ortholog_one2one	1	RIPPLY3:ENSG00000183145
Rmdn2	ortholog_one2one	1	RMDN2:ENSG00000115841
Rnd1	ortholog_one2one	1	RND1:ENSG00000172602
Rnf11	ambiguous_ortholog_one2many	1	RNF11:ENSG00000123091
Rnf135	NO_ORTHOLOG	0	
Rnf208	ortholog_one2one	1	RNF208:ENSG00000212864
Rnf39	ortholog_one2one	1	RNF39:ENSG00000204618
Rnu3A	NOT_FOUND_IN_BIOMART	0	
Robo1	ortholog_one2one	1	ROBO1:ENSG00000169855
Rogdi	ortholog_one2one	1	ROGDI:ENSG00000067836
Romo1	ortholog_one2one	1	ROMO1:ENSG00000125995
Rora	ortholog_one2one	1	RORA:ENSG00000069667
Rpgrip1L	NOT_FOUND_IN_BIOMART	0	
Rpl12	ortholog_one2one	1	RPL12:ENSG00000197958
Rpl13A	NOT_FOUND_IN_BIOMART	0	
Rpl18A	NOT_FOUND_IN_BIOMART	0	
Rpl23	ortholog_one2one	1	RPL23:ENSG00000125691
Rpl30	ortholog_one2one	1	RPL30:ENSG00000156482
Rpl31	ortholog_one2one	1	RPL31:ENSG00000071082
Rpl32	ortholog_one2one	1	RPL32:ENSG00000144713
Rpl36A	NOT_FOUND_IN_BIOMART	0	
Rpph1	NO_ORTHOLOG	0	
Rps11	ortholog_one2one	1	RPS11:ENSG00000142534
Rps17	ortholog_one2one	1	RPS17:ENSG00000182774
Rps19	ortholog_one2one	1	RPS19:ENSG00000105372
Rps24	ortholog_one2one	1	RPS24:ENSG00000138326
Rps25	ortholog_one2one	1	RPS25:ENSG00000118181
Rps26	NO_ORTHOLOG	0	
Rps27L	NOT_FOUND_IN_BIOMART	0	
Rps28	ortholog_one2one	1	RPS28:ENSG00000233927
Rps29	NO_ORTHOLOG	0	
Rps4X	NOT_FOUND_IN_BIOMART	0	
Rrad	ortholog_one2one	1	RRAD:ENSG00000166592
Rras	ortholog_one2one	1	RRAS:ENSG00000126458
Rras2	ortholog_one2one	1	RRAS2:ENSG00000133818
Rrm2B	NOT_FOUND_IN_BIOMART	0	
Rsad1	ortholog_one2one	1	RSAD1:ENSG00000136444
Rsad2	ortholog_one2one	1	RSAD2:ENSG00000134321
Rsph1	ortholog_one2one	1	RSPH1:ENSG00000160188
Rsph9	ortholog_one2one	1	RSPH9:ENSG00000172426
Rtn4	ortholog_one2one	1	RTN4:ENSG00000115310
Rtp4	ortholog_one2one	1	RTP4:ENSG00000136514
Runx1	ortholog_one2one	1	RUNX1:ENSG00000159216
Runx2	ortholog_one2one	1	RUNX2:ENSG00000124813
Rusc2	ortholog_one2one	1	RUSC2:ENSG00000198853
Rwdd1	ortholog_one2one	1	RWDD1:ENSG00000111832
S100A1	NOT_FOUND_IN_BIOMART	0	
S100A11	NOT_FOUND_IN_BIOMART	0	
S100A13	NOT_FOUND_IN_BIOMART	0	
S100A14	NOT_FOUND_IN_BIOMART	0	
S100A16	NOT_FOUND_IN_BIOMART	0	
S100A4	NOT_FOUND_IN_BIOMART	0	
S100A6	NOT_FOUND_IN_BIOMART	0	
S100A7A	NOT_FOUND_IN_BIOMART	0	
S100A8	NOT_FOUND_IN_BIOMART	0	
S100A9	NOT_FOUND_IN_BIOMART	0	
S1Pr2	NOT_FOUND_IN_BIOMART	0	
Saa3	NO_ORTHOLOG	0	
Sall2	ortholog_one2one	1	SALL2:ENSG00000165821
Samd14	ortholog_one2one	1	SAMD14:ENSG00000167100
Samd5	ortholog_one2one	1	SAMD5:ENSG00000203727
Samd9L	NOT_FOUND_IN_BIOMART	0	
Sat2	ortholog_one2one	1	SAT2:ENSG00000141504
Sbsn	ortholog_one2one	1	SBSN:ENSG00000189001
Scap	ortholog_one2one	1	SCAP:ENSG00000114650
Scara3	ortholog_one2one	1	SCARA3:ENSG00000168077
Scarna17	NO_ORTHOLOG	0	
Scel	ortholog_one2one	1	SCEL:ENSG00000136155
Scmh1	ortholog_one2one	1	SCMH1:ENSG00000010803
Scx	ortholog_one2one	1	SCX:ENSG00000260428
Sdc1	ortholog_one2one	1	SDC1:ENSG00000115884
Sdf2	ortholog_one2one	1	SDF2:ENSG00000132581
Sdf4	ortholog_one2one	1	SDF4:ENSG00000078808
Sdpr	NOT_FOUND_IN_BIOMART	0	
Selenbp1	ambiguous_ortholog_one2many	1	SELENBP1:ENSG00000143416
Sema3B	NOT_FOUND_IN_BIOMART	0	
Sema3C	NOT_FOUND_IN_BIOMART	0	
Sema3F	NOT_FOUND_IN_BIOMART	0	
Sema4B	NOT_FOUND_IN_BIOMART	0	
Sema7A	NOT_FOUND_IN_BIOMART	0	
Senp2	ortholog_one2one	1	SENP2:ENSG00000163904
Senp6	ortholog_one2one	1	SENP6:ENSG00000112701
Sepn1	NOT_FOUND_IN_BIOMART	0	
Serinc1	ortholog_one2one	1	SERINC1:ENSG00000111897
Serinc2	ortholog_one2one	1	SERINC2:ENSG00000168528
Serp2	ortholog_one2one	1	SERP2:ENSG00000151778
Serpina3N	NOT_FOUND_IN_BIOMART	0	
Serpinb11	ortholog_one2one	1	SERPINB11:ENSG00000206072
Serpinb5	ortholog_one2one	1	SERPINB5:ENSG00000206075
Serpinb6B	NOT_FOUND_IN_BIOMART	0	
Serpinb9	ambiguous_ortholog_one2many	1	SERPINB9:ENSG00000170542
Serpinb9B	NOT_FOUND_IN_BIOMART	0	
Serping1	ortholog_one2one	1	SERPING1:ENSG00000149131
Sertad4	ortholog_one2one	1	SERTAD4:ENSG00000082497
Sestd1	ortholog_one2one	1	SESTD1:ENSG00000187231
Setbp1	ortholog_one2one	1	SETBP1:ENSG00000152217
Setd6	ortholog_one2one	1	SETD6:ENSG00000103037
Sez6L2	NOT_FOUND_IN_BIOMART	0	
Sftpd	ortholog_one2one	1	SFTPD:ENSG00000133661
Sfxn3	ortholog_one2one	1	SFXN3:ENSG00000107819
Sgcb	ortholog_one2one	1	SGCB:ENSG00000163069
Sgk1	ortholog_one2one	1	SGK1:ENSG00000118515
Sgk2	ortholog_one2one	1	SGK2:ENSG00000101049
Sgms1	ortholog_one2one	1	SGMS1:ENSG00000198964
Sgsm1	ortholog_one2one	1	SGSM1:ENSG00000167037
Sgsm3	ortholog_one2one	1	SGSM3:ENSG00000100359
Sh3Bgrl2	NOT_FOUND_IN_BIOMART	0	
Sh3Bgrl3	NOT_FOUND_IN_BIOMART	0	
Sh3Bp5	NOT_FOUND_IN_BIOMART	0	
Sh3Glb1	NOT_FOUND_IN_BIOMART	0	
Sh3Glb2	NOT_FOUND_IN_BIOMART	0	
Sh3Kbp1	NOT_FOUND_IN_BIOMART	0	
Sh3Pxd2A	NOT_FOUND_IN_BIOMART	0	
Sh3Pxd2B	NOT_FOUND_IN_BIOMART	0	
Sh3Tc1	NOT_FOUND_IN_BIOMART	0	
Sh3Tc2	NOT_FOUND_IN_BIOMART	0	
Shf	ortholog_one2one	1	SHF:ENSG00000138606
Shisa5	ortholog_one2one	1	SHISA5:ENSG00000164054
Shroom1	ortholog_one2one	1	SHROOM1:ENSG00000164403
Siva1	ortholog_one2one	1	SIVA1:ENSG00000184990
Skil	ortholog_one2one	1	SKIL:ENSG00000136603
Slamf9	ortholog_one2one	1	SLAMF9:ENSG00000162723
Slc12A4	NOT_FOUND_IN_BIOMART	0	
Slc19A2	NOT_FOUND_IN_BIOMART	0	
Slc22A23	NOT_FOUND_IN_BIOMART	0	
Slc22A4	NOT_FOUND_IN_BIOMART	0	
Slc23A3	NOT_FOUND_IN_BIOMART	0	
Slc25A43	NOT_FOUND_IN_BIOMART	0	
Slc25A48	NOT_FOUND_IN_BIOMART	0	
Slc26A9	NOT_FOUND_IN_BIOMART	0	
Slc28A2	NOT_FOUND_IN_BIOMART	0	
Slc2A1	NOT_FOUND_IN_BIOMART	0	
Slc35E4	NOT_FOUND_IN_BIOMART	0	
Slc35G1	NOT_FOUND_IN_BIOMART	0	
Slc37A3	NOT_FOUND_IN_BIOMART	0	
Slc39A10	NOT_FOUND_IN_BIOMART	0	
Slc39A13	NOT_FOUND_IN_BIOMART	0	
Slc39A4	NOT_FOUND_IN_BIOMART	0	
Slc39A6	NOT_FOUND_IN_BIOMART	0	
Slc44A1	NOT_FOUND_IN_BIOMART	0	
Slc44A2	NOT_FOUND_IN_BIOMART	0	
Slc44A4	NOT_FOUND_IN_BIOMART	0	
Slc45A3	NOT_FOUND_IN_BIOMART	0	
Slc45A4	NOT_FOUND_IN_BIOMART	0	
Slc48A1	NOT_FOUND_IN_BIOMART	0	
Slc4A11	NOT_FOUND_IN_BIOMART	0	
Slc4A3	NOT_FOUND_IN_BIOMART	0	
Slc4A4	NOT_FOUND_IN_BIOMART	0	
Slc5A5	NOT_FOUND_IN_BIOMART	0	
Slc5A6	NOT_FOUND_IN_BIOMART	0	
Slc6A14	NOT_FOUND_IN_BIOMART	0	
Slc6A15	NOT_FOUND_IN_BIOMART	0	
Slc6A8	NOT_FOUND_IN_BIOMART	0	
Slc7A11	NOT_FOUND_IN_BIOMART	0	
Slc7A3	NOT_FOUND_IN_BIOMART	0	
Slc7A4	NOT_FOUND_IN_BIOMART	0	
Slc7A5	NOT_FOUND_IN_BIOMART	0	
Slc9A3R2	NOT_FOUND_IN_BIOMART	0	
Slc9A4	NOT_FOUND_IN_BIOMART	0	
Slco2A1	NOT_FOUND_IN_BIOMART	0	
Slco3A1	NOT_FOUND_IN_BIOMART	0	
Slco4A1	NOT_FOUND_IN_BIOMART	0	
Slfn2	ambiguous_ortholog_many2many	2	SLFN12:ENSG00000172123;SLFN12L:ENSG00000205045
Slpi	ortholog_one2one	1	SLPI:ENSG00000124107
Slu7	ortholog_one2one	1	SLU7:ENSG00000164609
Smad6	ortholog_one2one	1	SMAD6:ENSG00000137834
Smad7	ortholog_one2one	1	SMAD7:ENSG00000101665
Smarca1	ortholog_one2one	1	SMARCA1:ENSG00000102038
Smarcc1	ortholog_one2one	1	SMARCC1:ENSG00000173473
Smarcd3	ortholog_one2one	1	SMARCD3:ENSG00000082014
Smim15	ortholog_one2one	1	SMIM15:ENSG00000188725
Smo	ortholog_one2one	1	SMO:ENSG00000128602
Smoc1	ortholog_one2one	1	SMOC1:ENSG00000198732
Smox	ortholog_one2one	1	SMOX:ENSG00000088826
Smpd1	ortholog_one2one	1	SMPD1:ENSG00000166311
Smpd3	ortholog_one2one	1	SMPD3:ENSG00000103056
Smtnl2	ortholog_one2one	1	SMTNL2:ENSG00000188176
Snap47	ortholog_one2one	1	SNAP47:ENSG00000143740
Snn	ortholog_one2one	1	SNN:ENSG00000184602
Snord100	ortholog_one2one	1	SNORD100:ENSG00000221500
Snord104	ortholog_one2one	1	SNORD104:ENSG00000199753
Snord17	ortholog_one2one	1	SNORD17:ENSG00000212232
Snord35A	NOT_FOUND_IN_BIOMART	0	
Snord37	ortholog_one2one	1	SNORD37:ENSG00000206775
Snrk	ortholog_one2one	1	SNRK:ENSG00000163788
Snrpd1	ortholog_one2one	1	SNRPD1:ENSG00000167088
Snx33	ortholog_one2one	1	SNX33:ENSG00000173548
Socs5	ortholog_one2one	1	SOCS5:ENSG00000171150
Sorbs2	ortholog_one2one	1	SORBS2:ENSG00000154556
Sord	ortholog_one2one	1	SORD:ENSG00000140263
Sorl1	ortholog_one2one	1	SORL1:ENSG00000137642
Sowahb	ortholog_one2one	1	SOWAHB:ENSG00000186212
Sox17	ortholog_one2one	1	SOX17:ENSG00000164736
Sox21	ortholog_one2one	1	SOX21:ENSG00000125285
Sox4	ortholog_one2one	1	SOX4:ENSG00000124766
Sox9	ortholog_one2one	1	SOX9:ENSG00000125398
Spaca7	ortholog_one2one	1	SPACA7:ENSG00000153498
Spag6	ambiguous_ortholog_one2many	1	SPAG6:ENSG00000077327
Sparc	ortholog_one2one	1	SPARC:ENSG00000113140
Sparcl1	ortholog_one2one	1	SPARCL1:ENSG00000152583
Spata6	ortholog_one2one	1	SPATA6:ENSG00000132122
Spire1	ortholog_one2one	1	SPIRE1:ENSG00000134278
Spns3	ortholog_one2one	1	SPNS3:ENSG00000182557
Spon1	ortholog_one2one	1	SPON1:ENSG00000262655
Spp1	ortholog_one2one	1	SPP1:ENSG00000118785
Sprr1A	NOT_FOUND_IN_BIOMART	0	
Sprr2A1	NOT_FOUND_IN_BIOMART	0	
Sprr2A2	NOT_FOUND_IN_BIOMART	0	
Sprr2A3	NOT_FOUND_IN_BIOMART	0	
Sprr2B	NOT_FOUND_IN_BIOMART	0	
Sprr2H	NOT_FOUND_IN_BIOMART	0	
Spsb4	ortholog_one2one	1	SPSB4:ENSG00000175093
Sptbn1	ortholog_one2one	1	SPTBN1:ENSG00000115306
Sptbn2	ortholog_one2one	1	SPTBN2:ENSG00000173898
Sptssb	ortholog_one2one	1	SPTSSB:ENSG00000196542
Srek1Ip1	NOT_FOUND_IN_BIOMART	0	
Srgap3	ortholog_one2one	1	SRGAP3:ENSG00000196220
Ssbp3	ortholog_one2one	1	SSBP3:ENSG00000157216
Ssbp4	ortholog_one2one	1	SSBP4:ENSG00000130511
Ssh1	ortholog_one2one	1	SSH1:ENSG00000084112
Ssr3	ortholog_one2one	1	SSR3:ENSG00000114850
St3Gal3	NOT_FOUND_IN_BIOMART	0	
St3Gal5	NOT_FOUND_IN_BIOMART	0	
St6Gal1	NOT_FOUND_IN_BIOMART	0	
Stard3	ortholog_one2one	1	STARD3:ENSG00000131748
Stbd1	ortholog_one2one	1	STBD1:ENSG00000118804
Stc1	ortholog_one2one	1	STC1:ENSG00000159167
Stc2	ortholog_one2one	1	STC2:ENSG00000113739
Steap1	ambiguous_ortholog_one2many	2	STEAP1B:ENSG00000105889;STEAP1:ENSG00000164647
Steap2	ortholog_one2one	1	STEAP2:ENSG00000157214
Stk32C	NOT_FOUND_IN_BIOMART	0	
Stk36	ortholog_one2one	1	STK36:ENSG00000163482
Ston1	ortholog_one2one	1	STON1:ENSG00000243244
Stra6	ortholog_one2one	1	STRA6:ENSG00000137868
Stx11	ortholog_one2one	1	STX11:ENSG00000135604
Stx7	ortholog_one2one	1	STX7:ENSG00000079950
Stxbp1	ortholog_one2one	1	STXBP1:ENSG00000136854
Stxbp4	ortholog_one2one	1	STXBP4:ENSG00000166263
Sub1	ortholog_one2one	1	SUB1:ENSG00000113387
Sucnr1	ortholog_one2one	1	SUCNR1:ENSG00000198829
Sulf2	ortholog_one2one	1	SULF2:ENSG00000196562
Sult1A1	NOT_FOUND_IN_BIOMART	0	
Sult1C2	NOT_FOUND_IN_BIOMART	0	
Sult4A1	NOT_FOUND_IN_BIOMART	0	
Suox	ortholog_one2one	1	SUOX:ENSG00000139531
Susd2	ortholog_one2one	1	SUSD2:ENSG00000099994
Susd4	ortholog_one2one	1	SUSD4:ENSG00000143502
Svep1	ortholog_one2one	1	SVEP1:ENSG00000165124
Swt1	ortholog_one2one	1	SWT1:ENSG00000116668
Syde1	ortholog_one2one	1	SYDE1:ENSG00000105137
Syne1	ortholog_one2one	1	SYNE1:ENSG00000131018
Syngr1	ortholog_one2one	1	SYNGR1:ENSG00000100321
Synj2	ortholog_one2one	1	SYNJ2:ENSG00000078269
Synpo2L	NOT_FOUND_IN_BIOMART	0	
Synrg	ortholog_one2one	1	SYNRG:ENSG00000275066
Syt11	ortholog_one2one	1	SYT11:ENSG00000132718
Syt12	ortholog_one2one	1	SYT12:ENSG00000173227
Syt16	ortholog_one2one	1	SYT16:ENSG00000139973
Syt8	ortholog_one2one	1	SYT8:ENSG00000149043
Sytl2	ortholog_one2one	1	SYTL2:ENSG00000137501
Tab3	ortholog_one2one	1	TAB3:ENSG00000157625
Tacstd2	ortholog_one2one	1	TACSTD2:ENSG00000184292
Taf1D	NOT_FOUND_IN_BIOMART	0	
Taf9B	NOT_FOUND_IN_BIOMART	0	
Tagln2	ortholog_one2one	1	TAGLN2:ENSG00000158710
Tanc1	ortholog_one2one	1	TANC1:ENSG00000115183
Tapbp	ortholog_one2one	1	TAPBP:ENSG00000231925
Tbc1D19	NOT_FOUND_IN_BIOMART	0	
Tbc1D2	NOT_FOUND_IN_BIOMART	0	
Tbcel	ortholog_one2one	1	TBCEL:ENSG00000154114
Tcea2	ortholog_one2one	1	TCEA2:ENSG00000171703
Tceal1	ortholog_one2one	1	TCEAL1:ENSG00000172465
Tceal7	ortholog_one2one	1	TCEAL7:ENSG00000182916
Tcte2	NO_ORTHOLOG	0	
Tctex1D2	NOT_FOUND_IN_BIOMART	0	
Tctn2	ortholog_one2one	1	TCTN2:ENSG00000168778
Tdrkh	ortholog_one2one	1	TDRKH:ENSG00000182134
Tead2	ortholog_one2one	1	TEAD2:ENSG00000074219
Tead4	ortholog_one2one	1	TEAD4:ENSG00000197905
Tec	ortholog_one2one	1	TEC:ENSG00000135605
Tenm4	ortholog_one2one	1	TENM4:ENSG00000149256
Tesc	NO_ORTHOLOG	0	
Tex264	ortholog_one2one	1	TEX264:ENSG00000164081
Tfcp2L1	NOT_FOUND_IN_BIOMART	0	
Tff2	ortholog_one2one	1	TFF2:ENSG00000160181
Tgfb1I1	NOT_FOUND_IN_BIOMART	0	
Tgfbi	ortholog_one2one	1	TGFBI:ENSG00000120708
Tgfbr2	ortholog_one2one	1	TGFBR2:ENSG00000163513
Tgm1	ortholog_one2one	1	TGM1:ENSG00000092295
Tgm2	ortholog_one2one	1	TGM2:ENSG00000198959
Tgm5	ortholog_one2one	1	TGM5:ENSG00000104055
Thbs1	ortholog_one2one	1	THBS1:ENSG00000137801
Them6	ortholog_one2one	1	THEM6:ENSG00000130193
Thsd4	ortholog_one2one	1	THSD4:ENSG00000187720
Timm17A	NOT_FOUND_IN_BIOMART	0	
Timp1	ortholog_one2one	1	TIMP1:ENSG00000102265
Timp2	ortholog_one2one	1	TIMP2:ENSG00000035862
Timp3	ortholog_one2one	1	TIMP3:ENSG00000100234
Tinagl1	ortholog_one2one	1	TINAGL1:ENSG00000142910
Tirap	ortholog_one2one	1	TIRAP:ENSG00000150455
Tjp1	ortholog_one2one	1	TJP1:ENSG00000104067
Tjp2	ortholog_one2one	1	TJP2:ENSG00000119139
Tk2	ortholog_one2one	1	TK2:ENSG00000166548
Tlcd1	ortholog_one2one	1	TLCD1:ENSG00000160606
Tle2	ortholog_one2one	1	TLE2:ENSG00000065717
Tle3	ortholog_one2one	1	TLE3:ENSG00000140332
Tle6	ortholog_one2one	1	TLE6:ENSG00000104953
Tln2	ortholog_one2one	1	TLN2:ENSG00000171914
Tlr2	ortholog_one2one	1	TLR2:ENSG00000137462
Tlr3	ortholog_one2one	1	TLR3:ENSG00000164342
Tlr4	ortholog_one2one	1	TLR4:ENSG00000136869
Tlr6	ortholog_one2one	1	TLR6:ENSG00000174130
Tm4Sf1	NOT_FOUND_IN_BIOMART	0	
Tm4Sf4	NOT_FOUND_IN_BIOMART	0	
Tma7	ambiguous_ortholog_one2many	2	TMA7:ENSG00000232112;TMA7B:ENSG00000225528
Tmbim1	ortholog_one2one	1	TMBIM1:ENSG00000135926
Tmbim4	ortholog_one2one	1	TMBIM4:ENSG00000155957
Tmc5	ortholog_one2one	1	TMC5:ENSG00000103534
Tmc7	ortholog_one2one	1	TMC7:ENSG00000170537
Tmco3	ortholog_one2one	1	SLC9D1:ENSG00000150403
Tmed8	ortholog_one2one	1	TMED8:ENSG00000100580
Tmed9	ortholog_one2one	1	TMED9:ENSG00000184840
Tmem106C	NOT_FOUND_IN_BIOMART	0	
Tmem107	ortholog_one2one	1	TMEM107:ENSG00000179029
Tmem108	ortholog_one2one	1	TMEM108:ENSG00000144868
Tmem125	ortholog_one2one	1	TMEM125:ENSG00000179178
Tmem132A	NOT_FOUND_IN_BIOMART	0	
Tmem136	NOT_FOUND_IN_BIOMART	0	
Tmem17	ortholog_one2one	1	TMEM17:ENSG00000186889
Tmem173	NOT_FOUND_IN_BIOMART	0	
Tmem176B	NOT_FOUND_IN_BIOMART	0	
Tmem181C-Ps	NOT_FOUND_IN_BIOMART	0	
Tmem184C	NOT_FOUND_IN_BIOMART	0	
Tmem188	NOT_FOUND_IN_BIOMART	0	
Tmem2	NOT_FOUND_IN_BIOMART	0	
Tmem216	ortholog_one2one	1	TMEM216:ENSG00000187049
Tmem218	ortholog_one2one	1	TMEM218:ENSG00000150433
Tmem229A	NOT_FOUND_IN_BIOMART	0	
Tmem231	ortholog_one2one	1	TMEM231:ENSG00000205084
Tmem40	ortholog_one2one	1	TMEM40:ENSG00000088726
Tmem43	ortholog_one2one	1	TMEM43:ENSG00000170876
Tmem62	ortholog_one2one	1	TMEM62:ENSG00000137842
Tmem63A	NOT_FOUND_IN_BIOMART	0	
Tmem74B	NOT_FOUND_IN_BIOMART	0	
Tmie	ortholog_one2one	1	TMIE:ENSG00000181585
Tmpo	ortholog_one2one	1	TMPO:ENSG00000120802
Tmprss2	ortholog_one2one	1	TMPRSS2:ENSG00000184012
Tmprss4	ortholog_one2one	1	TMPRSS4:ENSG00000137648
Tmprss7	ortholog_one2one	1	TMPRSS7:ENSG00000176040
Tmsb4X	NOT_FOUND_IN_BIOMART	0	
Tmtc2	ortholog_one2one	1	TMTC2:ENSG00000179104
Tmx4	ortholog_one2one	1	TMX4:ENSG00000125827
Tnc	ortholog_one2one	1	TNC:ENSG00000041982
Tnf	ortholog_one2one	1	TNF:ENSG00000232810
Tnfaip1	ortholog_one2one	1	TNFAIP1:ENSG00000109079
Tnfaip2	ortholog_one2one	1	TNFAIP2:ENSG00000185215
Tnfaip3	ortholog_one2one	1	TNFAIP3:ENSG00000118503
Tnfaip8	ortholog_one2one	1	TNFAIP8:ENSG00000145779
Tnfrsf10B	NOT_FOUND_IN_BIOMART	0	
Tnfrsf11B	NOT_FOUND_IN_BIOMART	0	
Tnfrsf12A	NOT_FOUND_IN_BIOMART	0	
Tnfrsf1B	NOT_FOUND_IN_BIOMART	0	
Tnfrsf21	ortholog_one2one	1	TNFRSF21:ENSG00000146072
Tnfrsf8	ortholog_one2one	1	TNFRSF8:ENSG00000120949
Tnfsf9	ortholog_one2one	1	TNFSF9:ENSG00000125657
Tnip3	ortholog_one2one	1	TNIP3:ENSG00000050730
Tnk2	ortholog_one2one	1	TNK2:ENSG00000061938
Tnks1Bp1	NOT_FOUND_IN_BIOMART	0	
Tnni2	ortholog_one2one	1	TNNI2:ENSG00000130598
Tns1	ortholog_one2one	1	TNS1:ENSG00000079308
Tns3	ortholog_one2one	1	TNS3:ENSG00000136205
Tns4	ortholog_one2one	1	TNS4:ENSG00000131746
Tomm20	ortholog_one2one	1	TOMM20:ENSG00000173726
Tomm7	NO_ORTHOLOG	0	
Tor3A	NOT_FOUND_IN_BIOMART	0	
Tor4A	NOT_FOUND_IN_BIOMART	0	
Tpbg	ortholog_one2one	1	TPBG:ENSG00000146242
Tpcn1	ortholog_one2one	1	TPCN1:ENSG00000186815
Tpd52L1	NOT_FOUND_IN_BIOMART	0	
Tpgs2	ortholog_one2one	1	TPGS2:ENSG00000134779
Tpm2	ortholog_one2one	1	TPM2:ENSG00000198467
Tpm3	NO_ORTHOLOG	0	
Tpm4	ortholog_one2one	1	TPM4:ENSG00000167460
Tpp2	ortholog_one2one	1	TPP2:ENSG00000134900
Tpst1	ortholog_one2one	1	TPST1:ENSG00000169902
Trappc12	ortholog_one2one	1	TRAPPC12:ENSG00000171853
Trappc2	NO_ORTHOLOG	0	
Trex2	ortholog_one2one	1	TREX2:ENSG00000183479
Trib3	ortholog_one2one	1	TRIB3:ENSG00000101255
Trim15	ortholog_one2one	1	TRIM15:ENSG00000204610
Trim29	ortholog_one2one	1	TRIM29:ENSG00000137699
Trim3	ortholog_one2one	1	TRIM3:ENSG00000110171
Trim40	ortholog_one2one	1	TRIM40:ENSG00000204614
Trim41	ortholog_one2one	1	TRIM41:ENSG00000146063
Trim7	ortholog_one2one	1	TRIM7:ENSG00000146054
Trip12	ortholog_one2one	1	TRIP12:ENSG00000153827
Trip6	ortholog_one2one	1	TRIP6:ENSG00000087077
Trnp1	ortholog_one2one	1	TRNP1:ENSG00000253368
Trove2	NOT_FOUND_IN_BIOMART	0	
Trp53Inp1	NOT_FOUND_IN_BIOMART	0	
Trpm6	ortholog_one2one	1	TRPM6:ENSG00000119121
Tsc22D1	NOT_FOUND_IN_BIOMART	0	
Tsc22D2	NOT_FOUND_IN_BIOMART	0	
Tshz1	ortholog_one2one	1	TSHZ1:ENSG00000179981
Tshz2	ortholog_one2one	1	TSHZ2:ENSG00000182463
Tspan15	ortholog_one2one	1	TSPAN15:ENSG00000099282
Tspan17	ortholog_one2one	1	TSPAN17:ENSG00000048140
Tspan2	ortholog_one2one	1	TSPAN2:ENSG00000134198
Tspan33	ortholog_one2one	1	TSPAN33:ENSG00000158457
Tspan4	ortholog_one2one	1	TSPAN4:ENSG00000214063
Tspan6	ortholog_one2one	1	TSPAN6:ENSG00000000003
Tspo	ortholog_one2one	1	TSPO:ENSG00000100300
Ttc22	ortholog_one2one	1	TTC22:ENSG00000006555
Ttc26	NOT_FOUND_IN_BIOMART	0	
Ttc30B	NOT_FOUND_IN_BIOMART	0	
Ttc39A	NOT_FOUND_IN_BIOMART	0	
Ttc8	ortholog_one2one	1	TTC8:ENSG00000165533
Ttc9	ortholog_one2one	1	TTC9:ENSG00000133985
Ttll1	ortholog_one2one	1	TTLL1:ENSG00000100271
Ttr	ortholog_one2one	1	TTR:ENSG00000118271
Tubb6	ortholog_one2one	1	TUBB6:ENSG00000176014
Tuft1	ortholog_one2one	1	TUFT1:ENSG00000143367
Tulp2	ortholog_one2one	1	TULP2:ENSG00000104804
Twf2	ortholog_one2one	1	TWF2:ENSG00000247596
Twsg1	ortholog_one2one	1	TWSG1:ENSG00000128791
Txndc15	ortholog_one2one	1	TXNDC15:ENSG00000113621
Uba7	ortholog_one2one	1	UBA7:ENSG00000182179
Ubd	ortholog_one2one	1	UBD:ENSG00000213886
Ube2A	NOT_FOUND_IN_BIOMART	0	
Ube2C	NOT_FOUND_IN_BIOMART	0	
Ube2H	NOT_FOUND_IN_BIOMART	0	
Ube2N	NOT_FOUND_IN_BIOMART	0	
Ubqln1	ortholog_one2one	1	UBQLN1:ENSG00000135018
Ubtd2	ortholog_one2one	1	UBTD2:ENSG00000168246
Ubxn11	ortholog_one2one	1	UBXN11:ENSG00000158062
Ubxn6	ortholog_one2one	1	UBXN6:ENSG00000167671
Ugdh	ortholog_one2one	1	UGDH:ENSG00000109814
Uggt2	ortholog_one2one	1	UGGT2:ENSG00000102595
Uhrf1Bp1L	NOT_FOUND_IN_BIOMART	0	
Unc119B	NOT_FOUND_IN_BIOMART	0	
Unc13A	NOT_FOUND_IN_BIOMART	0	
Unc13D	NOT_FOUND_IN_BIOMART	0	
Unc5C	NOT_FOUND_IN_BIOMART	0	
Upk1B	NOT_FOUND_IN_BIOMART	0	
Ush1G	NOT_FOUND_IN_BIOMART	0	
Usp18	ortholog_one2one	1	USP18:ENSG00000184979
Usp46	ortholog_one2one	1	USP46:ENSG00000109189
Uts2	ortholog_one2one	1	UTS2:ENSG00000049247
Vamp5	ortholog_one2one	1	VAMP5:ENSG00000168899
Vamp8	ortholog_one2one	1	VAMP8:ENSG00000118640
Vangl1	ortholog_one2one	1	VANGL1:ENSG00000173218
Vapb	ortholog_one2one	1	VAPB:ENSG00000124164
Vasn	ortholog_one2one	1	VASN:ENSG00000168140
Vcam1	ortholog_one2one	1	VCAM1:ENSG00000162692
Vgll3	ortholog_one2one	1	VGLL3:ENSG00000206538
Vill	ortholog_one2one	1	VILL:ENSG00000136059
Vim	ortholog_one2one	1	VIM:ENSG00000026025
Vmp1	ortholog_one2one	1	VMP1:ENSG00000062716
Vnn1	ortholog_one2one	1	VNN1:ENSG00000112299
Vnn3	NO_ORTHOLOG	0	
Vopp1	ortholog_one2one	1	VOPP1:ENSG00000154978
Vps33A	NOT_FOUND_IN_BIOMART	0	
Vps37B	NOT_FOUND_IN_BIOMART	0	
Vrk1	ortholog_one2one	1	VRK1:ENSG00000100749
Vsig1	ortholog_one2one	1	VSIG1:ENSG00000101842
Vwa5A	NOT_FOUND_IN_BIOMART	0	
Wars	NOT_FOUND_IN_BIOMART	0	
Wasf1	ortholog_one2one	1	WASF1:ENSG00000112290
Wbp1L	NOT_FOUND_IN_BIOMART	0	
Wdpcp	ortholog_one2one	1	WDPCP:ENSG00000143951
Wdr34	NOT_FOUND_IN_BIOMART	0	
Wdr47	ortholog_one2one	1	WDR47:ENSG00000085433
Wdr6	ortholog_one2one	1	WDR6:ENSG00000178252
Wdr60	NOT_FOUND_IN_BIOMART	0	
Wdr77	ortholog_one2one	1	WDR77:ENSG00000116455
Wdr78	NOT_FOUND_IN_BIOMART	0	
Wfdc1	ortholog_one2one	1	WFDC1:ENSG00000103175
Wfdc18	NO_ORTHOLOG	0	
Wfdc2	ortholog_one2one	1	WFDC2:ENSG00000101443
Wls	ortholog_one2one	1	WLS:ENSG00000116729
Wnt4	ortholog_one2one	1	WNT4:ENSG00000162552
Wnt7A	NOT_FOUND_IN_BIOMART	0	
Wnt7B	NOT_FOUND_IN_BIOMART	0	
Wrb	NOT_FOUND_IN_BIOMART	0	
Wtip	ortholog_one2one	1	WTIP:ENSG00000142279
Wwc1	ortholog_one2one	1	WWC1:ENSG00000113645
Wwc2	ortholog_one2one	1	WWC2:ENSG00000151718
Wwp2	ortholog_one2one	1	WWP2:ENSG00000198373
Wwtr1	ortholog_one2one	1	WWTR1:ENSG00000018408
Xaf1	ortholog_one2one	1	XAF1:ENSG00000132530
Xpc	ortholog_one2one	1	XPC:ENSG00000154767
Xpo5	ortholog_one2one	1	XPO5:ENSG00000124571
Yap1	ortholog_one2one	1	YAP1:ENSG00000137693
Ypel3	ortholog_one2one	1	YPEL3:ENSG00000090238
Ypel5	ortholog_one2one	1	YPEL5:ENSG00000119801
Ythdf3	ortholog_one2one	1	YTHDF3:ENSG00000185728
Ywhab	ortholog_one2one	1	YWHAB:ENSG00000166913
Zbp1	ortholog_one2one	1	ZBP1:ENSG00000124256
Zbtb32	ortholog_one2one	1	ZBTB32:ENSG00000011590
Zbtb7C	NOT_FOUND_IN_BIOMART	0	
Zc2Hc1A	NOT_FOUND_IN_BIOMART	0	
Zc4H2	NOT_FOUND_IN_BIOMART	0	
Zcchc3	ortholog_one2one	1	ZCCHC3:ENSG00000247315
Zdhhc8	ortholog_one2one	1	ZDHHC8:ENSG00000099904
Zfhx3	ortholog_one2one	1	ZFHX3:ENSG00000140836
Zfp185	ortholog_one2one	1	ZNF185:ENSG00000147394
Zfp30	ortholog_one2one	1	ZFP30:ENSG00000120784
Zfp365	ortholog_one2one	1	ZNF365:ENSG00000138311
Zfp37	ortholog_one2one	1	ZFP37:ENSG00000136866
Zfp52	NO_ORTHOLOG	0	
Zfp57	ortholog_one2one	1	ZFP57:ENSG00000204644
Zfp706	ortholog_one2one	1	ZNF706:ENSG00000120963
Zfpm2	ortholog_one2one	1	ZFPM2:ENSG00000169946
Zkscan6	ortholog_one2one	1	ZNF18:ENSG00000154957
Zmat1	ortholog_one2one	1	ZMAT1:ENSG00000166432
Zmat3	ortholog_one2one	1	ZMAT3:ENSG00000172667
Zmpste24	ortholog_one2one	1	ZMPSTE24:ENSG00000084073
Zmynd15	ortholog_one2one	1	ZMYND15:ENSG00000141497
Zmynd8	ortholog_one2one	1	ZMYND8:ENSG00000101040
Znf512B	NOT_FOUND_IN_BIOMART	0	
Znrf1	ortholog_one2one	1	ZNRF1:ENSG00000186187
Zscan2	ortholog_one2one	1	ZSCAN2:ENSG00000176371
