raw_mouse_symbol	canonical_mouse_symbol	resolution_method	mouse_ensembl_ids
1110028F11Rik	1110028F11Rik	exact	ENSMUSG00000085972
1110032A04Rik		not_found	
1110038F14Rik	1110038F14Rik	exact	ENSMUSG00000063236
1700007K13Rik		not_found	
1700012L04Rik		not_found	
1700016K19Rik		not_found	
1700019G06Rik		not_found	
1700019L03Rik		not_found	
1700047I17Rik2		not_found	
1700056E22Rik	1700056E22Rik	exact	ENSMUSG00000044854
1700066B19Rik		not_found	
1810011O10Rik		not_found	
2010002M12Rik		not_found	
2010109I03Rik		not_found	
2210011C24Rik		not_found	
2310002J15Rik		not_found	
2310002L13Rik		not_found	
2310007B03Rik		not_found	
2310014H01Rik		not_found	
2410006H16Rik	2410006H16Rik	exact	ENSMUSG00000086841
2610019F03Rik		not_found	
2700062C07Rik	2700062C07Rik	exact	ENSMUSG00000024273
39509		not_found	
39692		not_found	
4833427G06Rik		not_found	
4930461G14Rik	4930461G14Rik	exact	ENSMUSG00000097651
5730528L13Rik		not_found	
6030445D17Rik	6030445D17Rik	exact	ENSMUSG00000066178
A230065N10Rik	A230065N10Rik	exact	ENSMUSG00000092071
A230072E10Rik	A230072E10Rik	exact	ENSMUSG00000084771
A430105I19Rik		not_found	
Aaas	Aaas	exact	ENSMUSG00000036678
Abca3	Abca3	exact	ENSMUSG00000024130
Abcb1B	Abcb1b	case_insensitive	ENSMUSG00000028970
Abcc3	Abcc3	exact	ENSMUSG00000020865
Abcc4	Abcc4	exact	ENSMUSG00000032849
Abcc5	Abcc5	exact	ENSMUSG00000022822
Abhd2	Abhd2	exact	ENSMUSG00000039202
Abhd4	Abhd4	exact	ENSMUSG00000040997
Abhd5	Abhd5	exact	ENSMUSG00000032540
Abhd6	Abhd6	exact	ENSMUSG00000025277
Abhd8	Abhd8	exact	ENSMUSG00000007950
Abi1	Abi1	exact	ENSMUSG00000058835
Abi2	Abi2	exact	ENSMUSG00000026782
Abi3	Abi3	exact	ENSMUSG00000018381
Abi3Bp	Abi3bp	case_insensitive	ENSMUSG00000035258
Acacb	Acacb	exact	ENSMUSG00000042010
Acap3	Acap3	exact	ENSMUSG00000029033
Accs	Accs	exact	ENSMUSG00000040272
Acot10	Acot10	exact	ENSMUSG00000047565
Acot7	Acot7	exact	ENSMUSG00000028937
Acot9	Acot9	exact	ENSMUSG00000025287
Acox2	Acox2	exact	ENSMUSG00000021751
Acsbg1	Acsbg1	exact	ENSMUSG00000032281
Acsl4	Acsl4	exact	ENSMUSG00000031278
Acsm3	Acsm3	exact	ENSMUSG00000030935
Acta2	Acta2	exact	ENSMUSG00000035783
Actg1	Actg1	exact	ENSMUSG00000062825
Actg2	Actg2	exact	ENSMUSG00000059430
Adam10	Adam10	exact	ENSMUSG00000054693
Adam15	Adam15	exact	ENSMUSG00000028041
Adam28	Adam28	exact	ENSMUSG00000014725
Adam32	Adam32	exact	ENSMUSG00000037437
Adam8	Adam8	exact	ENSMUSG00000025473
Adam9	Adam9	exact	ENSMUSG00000031555
Adamdec1	Adamdec1	exact	ENSMUSG00000022057
Adamts1	Adamts1	exact	ENSMUSG00000022893
Adamts15	Adamts15	exact	ENSMUSG00000033453
Adamtsl4	Adamtsl4	exact	ENSMUSG00000015850
Adm	Adm	exact	ENSMUSG00000030790
Adm2	Adm2	exact	ENSMUSG00000054136
Adora1	Adora1	exact	ENSMUSG00000042429
Adssl1		not_found	
Aen	Aen	exact	ENSMUSG00000030609
Af064781		not_found	
Agfg2	Agfg2	exact	ENSMUSG00000029722
Agpat4	Agpat4	exact	ENSMUSG00000023827
Agpat6		not_found	
Agps	Agps	exact	ENSMUSG00000042410
Agrn	Agrn	exact	ENSMUSG00000041936
Agtpbp1	Agtpbp1	exact	ENSMUSG00000021557
Ahi1	Ahi1	exact	ENSMUSG00000019986
Ahnak	Ahnak	exact	ENSMUSG00000069833
Ahnak2	Ahnak2	exact	ENSMUSG00000118667
Ai467606	AI467606	case_insensitive	ENSMUSG00000045165
Aim1		not_found	
Aim2	Aim2	exact	ENSMUSG00000037860
Ak1	Ak1	exact	ENSMUSG00000026817
Akap13	Akap13	exact	ENSMUSG00000066406
Akap2		not_found	
Akap5	Akap5	exact	ENSMUSG00000021057
Akr1B10	Akr1b10	case_insensitive	ENSMUSG00000061758
Akr1B3		not_found	
Akr1B8	Akr1b8	case_insensitive	ENSMUSG00000029762
Akt3	Akt3	exact	ENSMUSG00000019699
Alcam	Alcam	exact	ENSMUSG00000022636
Aldh1A3	Aldh1a3	case_insensitive	ENSMUSG00000015134
Aldh3A1	Aldh3a1	case_insensitive	ENSMUSG00000019102
Aldh3B1	Aldh3b1	case_insensitive	ENSMUSG00000024885
Aldh4A1	Aldh4a1	case_insensitive	ENSMUSG00000028737
Aldh6A1	Aldh6a1	case_insensitive	ENSMUSG00000021238
Alkbh2	Alkbh2	exact	ENSMUSG00000044339
Als2Cr4		not_found	
Ambp	Ambp	exact	ENSMUSG00000028356
Amer2	Amer2	exact	ENSMUSG00000021986
Amotl1	Amotl1	exact	ENSMUSG00000013076
Amotl2	Amotl2	exact	ENSMUSG00000032531
Anapc2	Anapc2	exact	ENSMUSG00000026965
Angptl6	Angptl6	exact	ENSMUSG00000038742
Ank3	Ank3	exact	ENSMUSG00000069601
Ankrd1	Ankrd1	exact	ENSMUSG00000024803
Ankrd22	Ankrd22	exact	ENSMUSG00000024774
Ankrd35	Ankrd35	exact	ENSMUSG00000038354
Ankrd50	Ankrd50	exact	ENSMUSG00000044864
Anks3	Anks3	exact	ENSMUSG00000022515
Ano1	Ano1	exact	ENSMUSG00000031075
Anp32E	Anp32e	case_insensitive	ENSMUSG00000015749
Antxr1	Antxr1	exact	ENSMUSG00000033420
Antxr2	Antxr2	exact	ENSMUSG00000029338
Anxa1	Anxa1	exact	ENSMUSG00000024659
Anxa3	Anxa3	exact	ENSMUSG00000029484
Anxa4	Anxa4	exact	ENSMUSG00000029994
Anxa5	Anxa5	exact	ENSMUSG00000027712
Anxa6	Anxa6	exact	ENSMUSG00000018340
Anxa8	Anxa8	exact	ENSMUSG00000021950
Ap1G1	Ap1g1	case_insensitive	ENSMUSG00000031731
Ap1S3	Ap1s3	case_insensitive	ENSMUSG00000054702
Ap2B1	Ap2b1	case_insensitive	ENSMUSG00000035152
Ap3M2	Ap3m2	case_insensitive	ENSMUSG00000031539
Apbb1	Apbb1	exact	ENSMUSG00000037032
Aph1B	Aph1b	case_insensitive	ENSMUSG00000032375
Aplp1	Aplp1	exact	ENSMUSG00000006651
Aplp2	Aplp2	exact	ENSMUSG00000031996
Apol9A	Apol9a	case_insensitive	ENSMUSG00000057346
Apol9B	Apol9b	case_insensitive	ENSMUSG00000068246
Appl2	Appl2	exact	ENSMUSG00000020263
Aqp1	Aqp1	exact	ENSMUSG00000004655
Aqp5	Aqp5	exact	ENSMUSG00000044217
Aqp8	Aqp8	exact	ENSMUSG00000030762
Arap1	Arap1	exact	ENSMUSG00000032812
Arc	Arc	exact	ENSMUSG00000022602
Arcn1	Arcn1	exact	ENSMUSG00000032096
Areg	Areg	exact	ENSMUSG00000029378
Arf1	Arf1	exact	ENSMUSG00000048076
Arfgef2	Arfgef2	exact	ENSMUSG00000074582
Arhgap12	Arhgap12	exact	ENSMUSG00000041225
Arhgap22	Arhgap22	exact	ENSMUSG00000063506
Arhgap23	Arhgap23	exact	ENSMUSG00000049807
Arhgap29	Arhgap29	exact	ENSMUSG00000039831
Arhgap40	Arhgap40	exact	ENSMUSG00000074625
Arhgap44	Arhgap44	exact	ENSMUSG00000033389
Arhgef17	Arhgef17	exact	ENSMUSG00000032875
Arhgef18	Arhgef18	exact	ENSMUSG00000004568
Arhgef25	Arhgef25	exact	ENSMUSG00000019467
Arhgef28	Arhgef28	exact	ENSMUSG00000021662
Arhgef3	Arhgef3	exact	ENSMUSG00000021895
Arhgef4	Arhgef4	exact	ENSMUSG00000037509
Arid3A	Arid3a	case_insensitive	ENSMUSG00000019564
Arid4A	Arid4a	case_insensitive	ENSMUSG00000048118
Arid5A	Arid5a	case_insensitive	ENSMUSG00000037447
Arl1	Arl1	exact	ENSMUSG00000060904
Arl3	Arl3	exact	ENSMUSG00000025035
Arl4C	Arl4c	case_insensitive	ENSMUSG00000049866
Arl6	Arl6	exact	ENSMUSG00000022722
Arl6Ip5	Arl6ip5	case_insensitive	ENSMUSG00000035199
Armcx2	Armcx2	exact	ENSMUSG00000033436
Armcx3	Armcx3	exact	ENSMUSG00000049047
Arnt2	Arnt2	exact	ENSMUSG00000015709
Arpc3	Arpc3	exact	ENSMUSG00000029465
Arpc4	Arpc4	exact	ENSMUSG00000079426
Arpp19	Arpp19	exact	ENSMUSG00000007656
Arsb	Arsb	exact	ENSMUSG00000042082
Art2A-Ps		not_found	
Asah1	Asah1	exact	ENSMUSG00000031591
Asap1	Asap1	exact	ENSMUSG00000022377
Asb1	Asb1	exact	ENSMUSG00000026311
Aspn	Aspn	exact	ENSMUSG00000021388
Ass1	Ass1	exact	ENSMUSG00000076441
Atf2	Atf2	exact	ENSMUSG00000027104
Atf3	Atf3	exact	ENSMUSG00000026628
Atg9B	Atg9b	case_insensitive	ENSMUSG00000038295
Atox1	Atox1	exact	ENSMUSG00000018585
Atp11A	Atp11a	case_insensitive	ENSMUSG00000031441
Atp11B	Atp11b	case_insensitive	ENSMUSG00000037400
Atp1A1	Atp1a1	case_insensitive	ENSMUSG00000033161
Atp2B1	Atp2b1	case_insensitive	ENSMUSG00000019943
Atp5G1		not_found	
Atp6V0A1	Atp6v0a1	case_insensitive	ENSMUSG00000019302
Atp6V0E2	Atp6v0e2	case_insensitive	ENSMUSG00000039347
Atp6V1B2	Atp6v1b2	case_insensitive	ENSMUSG00000006273
Atp6V1F	Atp6v1f	case_insensitive	ENSMUSG00000004285
Atp9A	Atp9a	case_insensitive	ENSMUSG00000027546
Atxn10	Atxn10	exact	ENSMUSG00000016541
Avpi1	Avpi1	exact	ENSMUSG00000018821
Aw112010	AW112010	case_insensitive	ENSMUSG00000075010
Axl	Axl	exact	ENSMUSG00000002602
Azgp1	Azgp1	exact	ENSMUSG00000037053
B4Galnt1	B4galnt1	case_insensitive	ENSMUSG00000006731
B9D1	B9d1	case_insensitive	ENSMUSG00000001039
B9D2	B9d2	case_insensitive	ENSMUSG00000063439
Bace1	Bace1	exact	ENSMUSG00000032086
Bace2	Bace2	exact	ENSMUSG00000040605
Baiap2	Baiap2	exact	ENSMUSG00000025372
Baiap2L1	Baiap2l1	case_insensitive	ENSMUSG00000038859
Barx2	Barx2	exact	ENSMUSG00000032033
Basp1	Basp1	exact	ENSMUSG00000045763
Bax	Bax	exact	ENSMUSG00000003873
Bbs10	Bbs10	exact	ENSMUSG00000035759
Bbs4	Bbs4	exact	ENSMUSG00000025235
Bbs9	Bbs9	exact	ENSMUSG00000035919
Bbx	Bbx	exact	ENSMUSG00000022641
Bcam	Bcam	exact	ENSMUSG00000002980
Bcap31	Bcap31	exact	ENSMUSG00000002015
Bcas1	Bcas1	exact	ENSMUSG00000013523
Bcat2	Bcat2	exact	ENSMUSG00000030826
Bcl2	Bcl2	exact	ENSMUSG00000057329
Bcl2L1	Bcl2l1	case_insensitive	ENSMUSG00000007659
Bcl2L11	Bcl2l11	case_insensitive	ENSMUSG00000027381
Bcl9L	Bcl9l	case_insensitive	ENSMUSG00000063382
Bdh2	Bdh2	exact	ENSMUSG00000028167
Bdnf	Bdnf	exact	ENSMUSG00000048482
Bex1	Bex1	exact	ENSMUSG00000050071
Bex2	Bex2	exact	ENSMUSG00000042750
Bgn	Bgn	exact	ENSMUSG00000031375
Bhlhb9	Bhlhb9	exact	ENSMUSG00000072964
Bicc1	Bicc1	exact	ENSMUSG00000014329
Bicd1	Bicd1	exact	ENSMUSG00000003452
Bicd2	Bicd2	exact	ENSMUSG00000037933
Bid	Bid	exact	ENSMUSG00000004446
Bik	Bik	exact	ENSMUSG00000016758
Bmf	Bmf	exact	ENSMUSG00000040093
Bmp2	Bmp2	exact	ENSMUSG00000027358
Bmp4	Bmp4	exact	ENSMUSG00000021835
Bmp5	Bmp5	exact	ENSMUSG00000032179
Bmp8B	Bmp8b	case_insensitive	ENSMUSG00000002384
Bnip2	Bnip2	exact	ENSMUSG00000011958
Bnip3L	Bnip3l	case_insensitive	ENSMUSG00000022051
Bok	Bok	exact	ENSMUSG00000026278
Brcc3	Brcc3	exact	ENSMUSG00000031201
Brix1	Brix1	exact	ENSMUSG00000022247
Bsg	Bsg	exact	ENSMUSG00000023175
Btbd11		not_found	
Btg2	Btg2	exact	ENSMUSG00000020423
Btn1A1	Btn1a1	case_insensitive	ENSMUSG00000000706
C1Qtnf4	C1qtnf4	case_insensitive	ENSMUSG00000040794
C1S1	C1s1	case_insensitive	ENSMUSG00000038521
C2	C2	exact	ENSMUSG00000024371
C2Cd4C	C2cd4c	case_insensitive	ENSMUSG00000045912
C3	C3	exact	ENSMUSG00000024164
C4B	C4b	case_insensitive	ENSMUSG00000073418
Cacnb3	Cacnb3	exact	ENSMUSG00000003352
Cacybp	Cacybp	exact	ENSMUSG00000014226
Cadm1	Cadm1	exact	ENSMUSG00000032076
Calcb	Calcb	exact	ENSMUSG00000030666
Calcoco1	Calcoco1	exact	ENSMUSG00000023055
Camk1	Camk1	exact	ENSMUSG00000030272
Camk2N1	Camk2n1	case_insensitive	ENSMUSG00000046447
Camkk1	Camkk1	exact	ENSMUSG00000020785
Camsap2	Camsap2	exact	ENSMUSG00000041570
Cap1	Cap1	exact	ENSMUSG00000028656
Capg	Capg	exact	ENSMUSG00000056737
Capn13	Capn13	exact	ENSMUSG00000043705
Capn2	Capn2	exact	ENSMUSG00000026509
Capn5	Capn5	exact	ENSMUSG00000035547
Capns1	Capns1	exact	ENSMUSG00000001794
Capsl	Capsl	exact	ENSMUSG00000039676
Car12	Car12	exact	ENSMUSG00000032373
Car2	Car2	exact	ENSMUSG00000027562
Card10	Card10	exact	ENSMUSG00000033170
Cav1	Cav1	exact	ENSMUSG00000007655
Cav2	Cav2	exact	ENSMUSG00000000058
Cblc	Cblc	exact	ENSMUSG00000040525
Cbx6	Cbx6	exact	ENSMUSG00000089715
Ccdc102A	Ccdc102a	case_insensitive	ENSMUSG00000063605
Ccdc103	Ccdc103	exact	ENSMUSG00000020930
Ccdc12	Ccdc12	exact	ENSMUSG00000019659
Ccdc120	Ccdc120	exact	ENSMUSG00000031150
Ccdc126	Ccdc126	exact	ENSMUSG00000050786
Ccdc127	Ccdc127	exact	ENSMUSG00000021578
Ccdc19		not_found	
Ccdc23		not_found	
Ccdc3	Ccdc3	exact	ENSMUSG00000026676
Ccdc33	Ccdc33	exact	ENSMUSG00000037716
Ccdc58		not_found	
Ccdc68	Ccdc68	exact	ENSMUSG00000038903
Ccdc82	Ccdc82	exact	ENSMUSG00000079084
Ccdc92	Ccdc92	exact	ENSMUSG00000037979
Ccl2	Ccl2	exact	ENSMUSG00000035385
Ccl20	Ccl20	exact	ENSMUSG00000026166
Ccl7	Ccl7	exact	ENSMUSG00000035373
Ccl9	Ccl9	exact	ENSMUSG00000019122
Ccnd1	Ccnd1	exact	ENSMUSG00000070348
Ccnd2	Ccnd2	exact	ENSMUSG00000000184
Ccng1	Ccng1	exact	ENSMUSG00000020326
Ccp110	Ccp110	exact	ENSMUSG00000033904
Ccpg1	Ccpg1	exact	ENSMUSG00000034563
Ccrl2	Ccrl2	exact	ENSMUSG00000043953
Ccser2	Ccser2	exact	ENSMUSG00000058690
Cd14	Cd14	exact	ENSMUSG00000051439
Cd151	Cd151	exact	ENSMUSG00000025510
Cd24A	Cd24a	case_insensitive	ENSMUSG00000047139
Cd276	Cd276	exact	ENSMUSG00000035914
Cd34	Cd34	exact	ENSMUSG00000016494
Cd44	Cd44	exact	ENSMUSG00000005087
Cd47	Cd47	exact	ENSMUSG00000055447
Cd55	Cd55	exact	ENSMUSG00000026399
Cd68	Cd68	exact	ENSMUSG00000018774
Cd74	Cd74	exact	ENSMUSG00000024610
Cd9	Cd9	exact	ENSMUSG00000030342
Cd97		not_found	
Cd99L2	Cd99l2	case_insensitive	ENSMUSG00000035776
Cdc42Bpg	Cdc42bpg	case_insensitive	ENSMUSG00000024769
Cdc42Ep2	Cdc42ep2	case_insensitive	ENSMUSG00000045664
Cdh11	Cdh11	exact	ENSMUSG00000031673
Cdh13	Cdh13	exact	ENSMUSG00000031841
Cdh16	Cdh16	exact	ENSMUSG00000031881
Cdh3	Cdh3	exact	ENSMUSG00000061048
Cdh6	Cdh6	exact	ENSMUSG00000039385
Cdk19	Cdk19	exact	ENSMUSG00000038481
Cdk20	Cdk20	exact	ENSMUSG00000021483
Cdk5	Cdk5	exact	ENSMUSG00000028969
Cdkl2	Cdkl2	exact	ENSMUSG00000029403
Cdkn1C	Cdkn1c	case_insensitive	ENSMUSG00000037664
Cdkn2A	Cdkn2a	case_insensitive	ENSMUSG00000044303
Ceacam1	Ceacam1	exact	ENSMUSG00000074272
Celf2	Celf2	exact	ENSMUSG00000002107
Celsr1	Celsr1	exact	ENSMUSG00000016028
Cep170	Cep170	exact	ENSMUSG00000057335
Cers5	Cers5	exact	ENSMUSG00000023021
Cetn2	Cetn2	exact	ENSMUSG00000031347
Cgnl1	Cgnl1	exact	ENSMUSG00000032232
Chac1	Chac1	exact	ENSMUSG00000027313
Chchd6	Chchd6	exact	ENSMUSG00000030086
Chd3	Chd3	exact	ENSMUSG00000018474
Chic1	Chic1	exact	ENSMUSG00000031327
Chic2	Chic2	exact	ENSMUSG00000029229
Chn2	Chn2	exact	ENSMUSG00000004633
Chpf	Chpf	exact	ENSMUSG00000032997
Chrac1	Chrac1	exact	ENSMUSG00000068391
Chrnb1	Chrnb1	exact	ENSMUSG00000041189
Chst8	Chst8	exact	ENSMUSG00000060402
Cidea	Cidea	exact	ENSMUSG00000024526
Cidec	Cidec	exact	ENSMUSG00000030278
Cish	Cish	exact	ENSMUSG00000032578
Cited4	Cited4	exact	ENSMUSG00000070803
Ckap2	Ckap2	exact	ENSMUSG00000037725
Ckb	Ckb	exact	ENSMUSG00000001270
Clca3A2	Clca3a2	case_insensitive	ENSMUSG00000028262
Clca4B	Clca4b	case_insensitive	ENSMUSG00000074195
Clca6		not_found	
Clcf1	Clcf1	exact	ENSMUSG00000040663
Cldn4	Cldn4	exact	ENSMUSG00000047501
Cldn6	Cldn6	exact	ENSMUSG00000023906
Clic1	Clic1	exact	ENSMUSG00000007041
Clic3	Clic3	exact	ENSMUSG00000015093
Clic4	Clic4	exact	ENSMUSG00000037242
Clu	Clu	exact	ENSMUSG00000022037
Cmtm3	Cmtm3	exact	ENSMUSG00000031875
Cmtm7	Cmtm7	exact	ENSMUSG00000032436
Cmtm8	Cmtm8	exact	ENSMUSG00000041012
Cnbp	Cnbp	exact	ENSMUSG00000030057
Cnksr1	Cnksr1	exact	ENSMUSG00000028841
Cnn2	Cnn2	exact	ENSMUSG00000004665
Cnn3	Cnn3	exact	ENSMUSG00000053931
Cnnm2	Cnnm2	exact	ENSMUSG00000064105
Cnot4	Cnot4	exact	ENSMUSG00000038784
Cnp	Cnp	exact	ENSMUSG00000006782
Cnppd1	Cnppd1	exact	ENSMUSG00000033159
Col12A1	Col12a1	case_insensitive	ENSMUSG00000032332
Col18A1	Col18a1	case_insensitive	ENSMUSG00000001435
Col1A1	Col1a1	case_insensitive	ENSMUSG00000001506
Col3A1	Col3a1	case_insensitive	ENSMUSG00000026043
Col4A1	Col4a1	case_insensitive	ENSMUSG00000031502
Col4A2	Col4a2	case_insensitive	ENSMUSG00000031503
Col4A5	Col4a5	case_insensitive	ENSMUSG00000031274
Copg1	Copg1	exact	ENSMUSG00000030058
Cops5	Cops5	exact	ENSMUSG00000025917
Copz2	Copz2	exact	ENSMUSG00000018672
Cp	Cp	exact	ENSMUSG00000003617
Cpm	Cpm	exact	ENSMUSG00000020183
Cpne8	Cpne8	exact	ENSMUSG00000052560
Creb1	Creb1	exact	ENSMUSG00000025958
Creld1	Creld1	exact	ENSMUSG00000030284
Crip2	Crip2	exact	ENSMUSG00000006356
Crlf3	Crlf3	exact	ENSMUSG00000017561
Crp	Crp	exact	ENSMUSG00000037942
Cryab	Cryab	exact	ENSMUSG00000032060
Cryz	Cryz	exact	ENSMUSG00000028199
Csf1R	Csf1r	case_insensitive	ENSMUSG00000024621
Csf2	Csf2	exact	ENSMUSG00000018916
Csnk1E	Csnk1e	case_insensitive	ENSMUSG00000022433
Csrnp1	Csrnp1	exact	ENSMUSG00000032515
Csrp1	Csrp1	exact	ENSMUSG00000026421
Cst9	Cst9	exact	ENSMUSG00000027445
Cstb	Cstb	exact	ENSMUSG00000005054
Ctgf		not_found	
Ctnnal1	Ctnnal1	exact	ENSMUSG00000038816
Ctnnb1	Ctnnb1	exact	ENSMUSG00000006932
Ctsa	Ctsa	exact	ENSMUSG00000017760
Ctsd	Ctsd	exact	ENSMUSG00000007891
Ctse	Ctse	exact	ENSMUSG00000004552
Ctsf	Ctsf	exact	ENSMUSG00000083282
Ctsh	Ctsh	exact	ENSMUSG00000032359
Cttn	Cttn	exact	ENSMUSG00000031078
Cttnbp2Nl	Cttnbp2nl	case_insensitive	ENSMUSG00000062127
Ctxn1	Ctxn1	exact	ENSMUSG00000048644
Cul7	Cul7	exact	ENSMUSG00000038545
Cutc	Cutc	exact	ENSMUSG00000025193
Cwh43	Cwh43	exact	ENSMUSG00000029154
Cx3Cl1	Cx3cl1	case_insensitive	ENSMUSG00000031778
Cxcl1	Cxcl1	exact	ENSMUSG00000029380
Cxcl10	Cxcl10	exact	ENSMUSG00000034855
Cxcl12	Cxcl12	exact	ENSMUSG00000061353
Cxcl13	Cxcl13	exact	ENSMUSG00000023078
Cxcl16	Cxcl16	exact	ENSMUSG00000018920
Cxcl17	Cxcl17	exact	ENSMUSG00000060188
Cxcl2	Cxcl2	exact	ENSMUSG00000058427
Cxcl5	Cxcl5	exact	ENSMUSG00000029371
Cyba	Cyba	exact	ENSMUSG00000006519
Cyld	Cyld	exact	ENSMUSG00000036712
Cyp1A1	Cyp1a1	case_insensitive	ENSMUSG00000032315
Cyr61		not_found	
Cystm1	Cystm1	exact	ENSMUSG00000046727
Cyth3	Cyth3	exact	ENSMUSG00000018001
D14Ertd668E		not_found	
Dap	Dap	exact	ENSMUSG00000039168
Dapk1	Dapk1	exact	ENSMUSG00000021559
Dbndd2	Dbndd2	exact	ENSMUSG00000017734
Dcn	Dcn	exact	ENSMUSG00000019929
Dctn2	Dctn2	exact	ENSMUSG00000025410
Dcxr	Dcxr	exact	ENSMUSG00000039450
Ddah1	Ddah1	exact	ENSMUSG00000028194
Ddhd1	Ddhd1	exact	ENSMUSG00000037697
Ddit4	Ddit4	exact	ENSMUSG00000020108
Ddit4L	Ddit4l	case_insensitive	ENSMUSG00000046818
Ddo	Ddo	exact	ENSMUSG00000063428
Ddr1	Ddr1	exact	ENSMUSG00000003534
Ddx17	Ddx17	exact	ENSMUSG00000055065
Ddx3X	Ddx3x	case_insensitive	ENSMUSG00000000787
Ddx5	Ddx5	exact	ENSMUSG00000020719
Ddx60	Ddx60	exact	ENSMUSG00000037921
Degs1	Degs1	exact	ENSMUSG00000038633
Dennd2C	Dennd2c	case_insensitive	ENSMUSG00000007379
Dennd5A	Dennd5a	case_insensitive	ENSMUSG00000035901
Denr	Denr	exact	ENSMUSG00000023106
Derl3	Derl3	exact	ENSMUSG00000009092
Dhh	Dhh	exact	ENSMUSG00000023000
Dhrs9	Dhrs9	exact	ENSMUSG00000027068
Dhx32	Dhx32	exact	ENSMUSG00000030986
Dhx57	Dhx57	exact	ENSMUSG00000035051
Dhx58	Dhx58	exact	ENSMUSG00000017830
Dio1	Dio1	exact	ENSMUSG00000034785
Dio3	Dio3	exact	ENSMUSG00000075707
Dip2C	Dip2c	case_insensitive	ENSMUSG00000048264
Diras2	Diras2	exact	ENSMUSG00000047842
Disp1	Disp1	exact	ENSMUSG00000030768
Dlg1	Dlg1	exact	ENSMUSG00000022770
Dlg5	Dlg5	exact	ENSMUSG00000021782
Dlgap1	Dlgap1	exact	ENSMUSG00000003279
Dlk2	Dlk2	exact	ENSMUSG00000047428
Dmbt1	Dmbt1	exact	ENSMUSG00000047517
Dmkn	Dmkn	exact	ENSMUSG00000060962
Dmwd	Dmwd	exact	ENSMUSG00000030410
Dnaaf3	Dnaaf3	exact	ENSMUSG00000055809
Dnahc2		not_found	
Dnaja4	Dnaja4	exact	ENSMUSG00000032285
Dnajc10	Dnajc10	exact	ENSMUSG00000027006
Dnajc15	Dnajc15	exact	ENSMUSG00000022013
Dok2	Dok2	exact	ENSMUSG00000022102
Dpcd	Dpcd	exact	ENSMUSG00000041035
Dpcr1		not_found	
Dpt	Dpt	exact	ENSMUSG00000026574
Dram1	Dram1	exact	ENSMUSG00000020057
Dsg2	Dsg2	exact	ENSMUSG00000044393
Dsg3	Dsg3	exact	ENSMUSG00000056632
Dtnb	Dtnb	exact	ENSMUSG00000071454
Dtx3	Dtx3	exact	ENSMUSG00000040415
Duox2	Duox2	exact	ENSMUSG00000068452
Duoxa2	Duoxa2	exact	ENSMUSG00000027225
Dusp1	Dusp1	exact	ENSMUSG00000024190
Dusp10	Dusp10	exact	ENSMUSG00000039384
Dusp14	Dusp14	exact	ENSMUSG00000018648
Dusp18	Dusp18	exact	ENSMUSG00000047205
Dusp22	Dusp22	exact	ENSMUSG00000069255
Dusp3	Dusp3	exact	ENSMUSG00000003518
Dusp6	Dusp6	exact	ENSMUSG00000019960
Dusp8	Dusp8	exact	ENSMUSG00000037887
Dusp9	Dusp9	exact	ENSMUSG00000031383
Dync2H1	Dync2h1	case_insensitive	ENSMUSG00000047193
Dync2Li1	Dync2li1	case_insensitive	ENSMUSG00000024253
Dynll1	Dynll1	exact	ENSMUSG00000009013
Dynlrb2	Dynlrb2	exact	ENSMUSG00000034467
Dyrk3	Dyrk3	exact	ENSMUSG00000016526
Dzip1L	Dzip1l	case_insensitive	ENSMUSG00000037784
E130012A19Rik		not_found	
Ebf1	Ebf1	exact	ENSMUSG00000057098
Ecel1	Ecel1	exact	ENSMUSG00000026247
Ecm1	Ecm1	exact	ENSMUSG00000028108
Ecscr	Ecscr	exact	ENSMUSG00000073599
Eda2R	Eda2r	case_insensitive	ENSMUSG00000034457
Edf1	Edf1	exact	ENSMUSG00000015092
Edn1	Edn1	exact	ENSMUSG00000021367
Edn2	Edn2	exact	ENSMUSG00000028635
Edn3	Edn3	exact	ENSMUSG00000027524
Eef1B2	Eef1b2	case_insensitive	ENSMUSG00000025967
Eef1D	Eef1d	case_insensitive	ENSMUSG00000055762
Eef1G	Eef1g	case_insensitive	ENSMUSG00000071644
Eepd1	Eepd1	exact	ENSMUSG00000036611
Efemp1	Efemp1	exact	ENSMUSG00000020467
Efemp2	Efemp2	exact	ENSMUSG00000024909
Efna5	Efna5	exact	ENSMUSG00000048915
Egfr	Egfr	exact	ENSMUSG00000020122
Ehd2	Ehd2	exact	ENSMUSG00000074364
Ehd4	Ehd4	exact	ENSMUSG00000027293
Eid2	Eid2	exact	ENSMUSG00000046058
Eif1	Eif1	exact	ENSMUSG00000035530
Eif2S2	Eif2s2	case_insensitive	ENSMUSG00000074656
Eif4E3	Eif4e3	case_insensitive	ENSMUSG00000093661
Elk3	Elk3	exact	ENSMUSG00000008398
Emc1	Emc1	exact	ENSMUSG00000078517
Emc3	Emc3	exact	ENSMUSG00000030286
Eml1	Eml1	exact	ENSMUSG00000058070
Eml3	Eml3	exact	ENSMUSG00000071647
Emp1	Emp1	exact	ENSMUSG00000030208
Emp2	Emp2	exact	ENSMUSG00000022505
Emp3	Emp3	exact	ENSMUSG00000040212
En1	En1	exact	ENSMUSG00000058665
Enah	Enah	exact	ENSMUSG00000022995
Endod1	Endod1	exact	ENSMUSG00000037419
Enkur	Enkur	exact	ENSMUSG00000026679
Enpp4	Enpp4	exact	ENSMUSG00000023961
Enpp5	Enpp5	exact	ENSMUSG00000023960
Epdr1	Epdr1	exact	ENSMUSG00000002808
Epha2	Epha2	exact	ENSMUSG00000006445
Epha4	Epha4	exact	ENSMUSG00000026235
Ephx4	Ephx4	exact	ENSMUSG00000033805
Epn3	Epn3	exact	ENSMUSG00000010080
Eps8L1	Eps8l1	case_insensitive	ENSMUSG00000006154
Ercc3	Ercc3	exact	ENSMUSG00000024382
Ercc5	Ercc5	exact	ENSMUSG00000026048
Erdr1		not_found	
Ereg	Ereg	exact	ENSMUSG00000029377
Ergic1	Ergic1	exact	ENSMUSG00000001576
Erich1	Erich1	exact	ENSMUSG00000051978
Ermp1	Ermp1	exact	ENSMUSG00000046324
Errfi1	Errfi1	exact	ENSMUSG00000028967
Esd	Esd	exact	ENSMUSG00000021996
Eva1B	Eva1b	case_insensitive	ENSMUSG00000050212
Eva1C	Eva1c	case_insensitive	ENSMUSG00000039903
Evc	Evc	exact	ENSMUSG00000029122
Evc2	Evc2	exact	ENSMUSG00000050248
Exoc4	Exoc4	exact	ENSMUSG00000029763
Exosc9	Exosc9	exact	ENSMUSG00000027714
Extl2	Extl2	exact	ENSMUSG00000027963
Eya2	Eya2	exact	ENSMUSG00000017897
F11R	F11r	case_insensitive	ENSMUSG00000038235
F2R	F2r	case_insensitive	ENSMUSG00000048376
F2Rl1	F2rl1	case_insensitive	ENSMUSG00000021678
F3	F3	exact	ENSMUSG00000028128
Fa2H	Fa2h	case_insensitive	ENSMUSG00000033579
Fabp3	Fabp3	exact	ENSMUSG00000028773
Fabp4	Fabp4	exact	ENSMUSG00000062515
Fabp5	Fabp5	exact	ENSMUSG00000027533
Fah	Fah	exact	ENSMUSG00000030630
Faim3		not_found	
Fam102B		not_found	
Fam107B	Fam107b	case_insensitive	ENSMUSG00000026655
Fam129A		not_found	
Fam129B		not_found	
Fam135A	Fam135a	case_insensitive	ENSMUSG00000026153
Fam160A1		not_found	
Fam167A	Fam167a	case_insensitive	ENSMUSG00000035095
Fam171A2	Fam171a2	case_insensitive	ENSMUSG00000034685
Fam189A2		not_found	
Fam195B		not_found	
Fam198B		not_found	
Fam20C	Fam20c	case_insensitive	ENSMUSG00000025854
Fam212B		not_found	
Fam214A		not_found	
Fam216A	Fam216a	case_insensitive	ENSMUSG00000029463
Fam229B	Fam229b	case_insensitive	ENSMUSG00000051736
Fam3A	Fam3a	case_insensitive	ENSMUSG00000031399
Fam43A	Fam43a	case_insensitive	ENSMUSG00000046546
Fam46B		not_found	
Fam55C		not_found	
Fam59A		not_found	
Fam63A		not_found	
Fam64A		not_found	
Fam69B		not_found	
Fam83H	Fam83h	case_insensitive	ENSMUSG00000046761
Fam89B	Fam89b	case_insensitive	ENSMUSG00000024939
Far1	Far1	exact	ENSMUSG00000030759
Farp1	Farp1	exact	ENSMUSG00000025555
Fbf1	Fbf1	exact	ENSMUSG00000020776
Fbln1	Fbln1	exact	ENSMUSG00000006369
Fbln2	Fbln2	exact	ENSMUSG00000064080
Fbn1	Fbn1	exact	ENSMUSG00000027204
Fbxl17	Fbxl17	exact	ENSMUSG00000023965
Fbxo2	Fbxo2	exact	ENSMUSG00000041556
Fbxo21	Fbxo21	exact	ENSMUSG00000032898
Fbxo24	Fbxo24	exact	ENSMUSG00000089984
Fbxo32	Fbxo32	exact	ENSMUSG00000022358
Fbxo4	Fbxo4	exact	ENSMUSG00000022184
Fbxw9	Fbxw9	exact	ENSMUSG00000008167
Fcho1	Fcho1	exact	ENSMUSG00000070000
Fer1L4	Fer1l4	case_insensitive	ENSMUSG00000013338
Fermt1	Fermt1	exact	ENSMUSG00000027356
Fermt2	Fermt2	exact	ENSMUSG00000037712
Ffar4	Ffar4	exact	ENSMUSG00000054200
Fgd2	Fgd2	exact	ENSMUSG00000024013
Fgd3	Fgd3	exact	ENSMUSG00000037946
Fgf1	Fgf1	exact	ENSMUSG00000036585
Fgf15	Fgf15	exact	ENSMUSG00000031073
Fgfr2	Fgfr2	exact	ENSMUSG00000030849
Fggy	Fggy	exact	ENSMUSG00000028573
Fhl1	Fhl1	exact	ENSMUSG00000023092
Filip1L	Filip1l	case_insensitive	ENSMUSG00000043336
Fjx1	Fjx1	exact	ENSMUSG00000075012
Fkbp9	Fkbp9	exact	ENSMUSG00000029781
Flna	Flna	exact	ENSMUSG00000031328
Flnb	Flnb	exact	ENSMUSG00000025278
Flnc	Flnc	exact	ENSMUSG00000068699
Flot2	Flot2	exact	ENSMUSG00000061981
Flrt1	Flrt1	exact	ENSMUSG00000047787
Flrt2	Flrt2	exact	ENSMUSG00000047414
Flrt3	Flrt3	exact	ENSMUSG00000051379
Fmnl2	Fmnl2	exact	ENSMUSG00000036053
Fmnl3	Fmnl3	exact	ENSMUSG00000023008
Fn1	Fn1	exact	ENSMUSG00000026193
Fnbp1	Fnbp1	exact	ENSMUSG00000075415
Fnbp1L	Fnbp1l	case_insensitive	ENSMUSG00000039735
Fndc3B	Fndc3b	case_insensitive	ENSMUSG00000039286
Fos	Fos	exact	ENSMUSG00000021250
Fosb	Fosb	exact	ENSMUSG00000003545
Fosl1	Fosl1	exact	ENSMUSG00000024912
Foxa2	Foxa2	exact	ENSMUSG00000037025
Foxg1	Foxg1	exact	ENSMUSG00000020950
Foxp1	Foxp1	exact	ENSMUSG00000030067
Foxq1	Foxq1	exact	ENSMUSG00000038415
Frmd6	Frmd6	exact	ENSMUSG00000048285
Fry	Fry	exact	ENSMUSG00000056602
Fsd1	Fsd1	exact	ENSMUSG00000011589
Furin	Furin	exact	ENSMUSG00000030530
Fut2	Fut2	exact	ENSMUSG00000055978
Fxyd3	Fxyd3	exact	ENSMUSG00000057092
Fzd6	Fzd6	exact	ENSMUSG00000022297
G3Bp2	G3bp2	case_insensitive	ENSMUSG00000029405
G6Pdx	G6pdx	case_insensitive	ENSMUSG00000031400
Gabarapl1	Gabarapl1	exact	ENSMUSG00000030161
Gabrp	Gabrp	exact	ENSMUSG00000020159
Gadd45B	Gadd45b	case_insensitive	ENSMUSG00000015312
Gadd45G	Gadd45g	case_insensitive	ENSMUSG00000021453
Galnt10	Galnt10	exact	ENSMUSG00000020520
Galnt11	Galnt11	exact	ENSMUSG00000038072
Garnl3	Garnl3	exact	ENSMUSG00000038860
Gas2L1	Gas2l1	case_insensitive	ENSMUSG00000034201
Gas6	Gas6	exact	ENSMUSG00000031451
Gas8	Gas8	exact	ENSMUSG00000040220
Gata3	Gata3	exact	ENSMUSG00000015619
Gatm	Gatm	exact	ENSMUSG00000027199
Gbp2	Gbp2	exact	ENSMUSG00000028270
Gch1	Gch1	exact	ENSMUSG00000037580
Gcnt1	Gcnt1	exact	ENSMUSG00000038843
Gcnt3	Gcnt3	exact	ENSMUSG00000032226
Gde1	Gde1	exact	ENSMUSG00000033917
Gdf10	Gdf10	exact	ENSMUSG00000021943
Gdf15	Gdf15	exact	ENSMUSG00000038508
Gem	Gem	exact	ENSMUSG00000028214
Gemin7	Gemin7	exact	ENSMUSG00000044709
Get4	Get4	exact	ENSMUSG00000025858
Ggta1	Ggta1	exact	ENSMUSG00000035778
Gigyf2	Gigyf2	exact	ENSMUSG00000048000
Gipc1	Gipc1	exact	ENSMUSG00000019433
Gja1	Gja1	exact	ENSMUSG00000050953
Gjb3	Gjb3	exact	ENSMUSG00000042367
Gjb4	Gjb4	exact	ENSMUSG00000046623
Glipr1	Glipr1	exact	ENSMUSG00000056888
Glis2	Glis2	exact	ENSMUSG00000014303
Glis3	Glis3	exact	ENSMUSG00000052942
Glt28D2	Glt28d2	case_insensitive	ENSMUSG00000031286
Glt8D1	Glt8d1	case_insensitive	ENSMUSG00000021916
Gm10393		not_found	
Gm10691		not_found	
Gm10800		not_found	
Gm10972	Gm10972	exact	ENSMUSG00000118474
Gm14446		not_found	
Gm16721		not_found	
Gm17237		not_found	
Gm17244	Gm17244	exact	ENSMUSG00000102997
Gm17622		not_found	
Gm21887		not_found	
Gm22362	Gm22362	exact	ENSMUSG00000065036
Gm23119	Gm23119	exact	ENSMUSG00000089235
Gm23130	Gm23130	exact	ENSMUSG00000077440
Gm24339	Gm24339	exact	ENSMUSG00000077394
Gm24494	Gm24494	exact	ENSMUSG00000065738
Gm24616	Gm24616	exact	ENSMUSG00000065208
Gm2A	Gm2a	case_insensitive	ENSMUSG00000000594
Gm6096	Gm6096	exact	ENSMUSG00000078380
Gm7008	Gm7008	exact	ENSMUSG00000035983
Gm7665	Gm7665	exact	ENSMUSG00000063628
Gmds	Gmds	exact	ENSMUSG00000038372
Gml	Gml	exact	ENSMUSG00000068349
Gna14	Gna14	exact	ENSMUSG00000024697
Gnai1	Gnai1	exact	ENSMUSG00000057614
Gnai2	Gnai2	exact	ENSMUSG00000032562
Gnaz	Gnaz	exact	ENSMUSG00000040009
Gnb5	Gnb5	exact	ENSMUSG00000032192
Gng7	Gng7	exact	ENSMUSG00000048240
Gngt2	Gngt2	exact	ENSMUSG00000038811
Gnl1	Gnl1	exact	ENSMUSG00000024429
Gnpat	Gnpat	exact	ENSMUSG00000031985
Gnptg	Gnptg	exact	ENSMUSG00000035521
Golga2	Golga2	exact	ENSMUSG00000002546
Golm1	Golm1	exact	ENSMUSG00000021556
Gpc1	Gpc1	exact	ENSMUSG00000034220
Gpr126		not_found	
Gpr137B	Gpr137b	case_insensitive	ENSMUSG00000021306
Gprc5A	Gprc5a	case_insensitive	ENSMUSG00000046733
Gpsm1	Gpsm1	exact	ENSMUSG00000026930
Gpx2	Gpx2	exact	ENSMUSG00000042808
Gramd1B	Gramd1b	case_insensitive	ENSMUSG00000040111
Grasp		not_found	
Grb10	Grb10	exact	ENSMUSG00000020176
Grem1	Grem1	exact	ENSMUSG00000074934
Grhl1	Grhl1	exact	ENSMUSG00000020656
Gsdmd	Gsdmd	exact	ENSMUSG00000022575
Gsn	Gsn	exact	ENSMUSG00000026879
Gspt2	Gspt2	exact	ENSMUSG00000071723
Gsta4	Gsta4	exact	ENSMUSG00000032348
Gsto1	Gsto1	exact	ENSMUSG00000025068
Gtf3C5	Gtf3c5	case_insensitive	ENSMUSG00000026816
Gtse1	Gtse1	exact	ENSMUSG00000022385
Gucy1A3		not_found	
Gzmm	Gzmm	exact	ENSMUSG00000054206
H2-Ab1	H2-Ab1	exact	ENSMUSG00000073421
H2-T24	H2-T24	exact	ENSMUSG00000053835
H6Pd	H6pd	case_insensitive	ENSMUSG00000028980
Haghl	Haghl	exact	ENSMUSG00000061046
Hap1	Hap1	exact	ENSMUSG00000006930
Hbegf	Hbegf	exact	ENSMUSG00000024486
Hdac2	Hdac2	exact	ENSMUSG00000019777
Hdac7	Hdac7	exact	ENSMUSG00000022475
Hebp2	Hebp2	exact	ENSMUSG00000019853
Heg1	Heg1	exact	ENSMUSG00000075254
Herc6	Herc6	exact	ENSMUSG00000029798
Hgfac	Hgfac	exact	ENSMUSG00000029102
Hhex	Hhex	exact	ENSMUSG00000024986
Hid1	Hid1	exact	ENSMUSG00000034586
Hif3A	Hif3a	case_insensitive	ENSMUSG00000004328
Hilpda	Hilpda	exact	ENSMUSG00000043421
Hist1H1C		not_found	
Hist1H1E		not_found	
Hist1H2Ai		not_found	
Hist1H2Bh		not_found	
Hist1H2Bj		not_found	
Hist1H2Bk		not_found	
Hist1H2Bm		not_found	
Hist1H3C		not_found	
Hist1H3E		not_found	
Hist2H2Ac		not_found	
Hist4H4		not_found	
Hk1	Hk1	exact	ENSMUSG00000037012
Hk2	Hk2	exact	ENSMUSG00000000628
Hlcs	Hlcs	exact	ENSMUSG00000040820
Hmgb3	Hmgb3	exact	ENSMUSG00000015217
Hmgcll1	Hmgcll1	exact	ENSMUSG00000007908
Hmgcr	Hmgcr	exact	ENSMUSG00000021670
Hmox1	Hmox1	exact	ENSMUSG00000005413
Hnf1B	Hnf1b	case_insensitive	ENSMUSG00000020679
Hnrnpk	Hnrnpk	exact	ENSMUSG00000021546
Homer3	Homer3	exact	ENSMUSG00000003573
Hoxb6	Hoxb6	exact	ENSMUSG00000000690
Hpcal1	Hpcal1	exact	ENSMUSG00000071379
Hpcal4	Hpcal4	exact	ENSMUSG00000046093
Hpn	Hpn	exact	ENSMUSG00000001249
Hpse	Hpse	exact	ENSMUSG00000035273
Hpx	Hpx	exact	ENSMUSG00000030895
Hr	Hr	exact	ENSMUSG00000022096
Hs3St1	Hs3st1	case_insensitive	ENSMUSG00000051022
Hs6St2	Hs6st2	case_insensitive	ENSMUSG00000062184
Hsbp1	Hsbp1	exact	ENSMUSG00000031839
Hsd17B2	Hsd17b2	case_insensitive	ENSMUSG00000031844
Hsp90Aa1	Hsp90aa1	case_insensitive	ENSMUSG00000021270
Hsp90Ab1	Hsp90ab1	case_insensitive	ENSMUSG00000023944
Hspa1A	Hspa1a	case_insensitive	ENSMUSG00000091971
Hspa1B	Hspa1b	case_insensitive	ENSMUSG00000090877
Hspa2	Hspa2	exact	ENSMUSG00000059970
Hspb1	Hspb1	exact	ENSMUSG00000004951
Hspg2	Hspg2	exact	ENSMUSG00000028763
Hsph1	Hsph1	exact	ENSMUSG00000029657
Htr1D	Htr1d	case_insensitive	ENSMUSG00000070687
Htra3	Htra3	exact	ENSMUSG00000029096
Hyal1	Hyal1	exact	ENSMUSG00000010051
I830012O16Rik		not_found	
Icam1	Icam1	exact	ENSMUSG00000037405
Id1	Id1	exact	ENSMUSG00000042745
Id2	Id2	exact	ENSMUSG00000020644
Id3	Id3	exact	ENSMUSG00000007872
Ier3	Ier3	exact	ENSMUSG00000003541
Ier5L	Ier5l	case_insensitive	ENSMUSG00000089762
Iffo2	Iffo2	exact	ENSMUSG00000041025
Ifi202B	Ifi202b	case_insensitive	ENSMUSG00000026535
Ifi27L1		not_found	
Ifi27L2A	Ifi27l2a	case_insensitive	ENSMUSG00000079017
Ifit1	Ifit1	exact	ENSMUSG00000034459
Ifit3	Ifit3	exact	ENSMUSG00000074896
Ifitm3	Ifitm3	exact	ENSMUSG00000025492
Ifrd1	Ifrd1	exact	ENSMUSG00000001627
Ift122	Ift122	exact	ENSMUSG00000030323
Ift27	Ift27	exact	ENSMUSG00000016637
Ift43	Ift43	exact	ENSMUSG00000007867
Ift57	Ift57	exact	ENSMUSG00000032965
Ift74	Ift74	exact	ENSMUSG00000028576
Ift81	Ift81	exact	ENSMUSG00000029469
Igf1R	Igf1r	case_insensitive	ENSMUSG00000005533
Igfbp3	Igfbp3	exact	ENSMUSG00000020427
Igfbp5	Igfbp5	exact	ENSMUSG00000026185
Igfbp7	Igfbp7	exact	ENSMUSG00000036256
Ighm	Ighm	exact	ENSMUSG00000076617
Igsf1	Igsf1	exact	ENSMUSG00000031111
Igtp	Igtp	exact	ENSMUSG00000078853
Iigp1	Iigp1	exact	ENSMUSG00000054072
Ikbkg	Ikbkg	exact	ENSMUSG00000004221
Il17Re	Il17re	case_insensitive	ENSMUSG00000043088
Il1A	Il1a	case_insensitive	ENSMUSG00000027399
Il1Rn	Il1rn	case_insensitive	ENSMUSG00000026981
Il24	Il24	exact	ENSMUSG00000026420
Il28Ra		not_found	
Il33	Il33	exact	ENSMUSG00000024810
Il34	Il34	exact	ENSMUSG00000031750
Il3Ra	Il3ra	case_insensitive	ENSMUSG00000068758
Il4Ra	Il4ra	case_insensitive	ENSMUSG00000030748
Il7	Il7	exact	ENSMUSG00000040329
Ildr1	Ildr1	exact	ENSMUSG00000022900
Ildr2	Ildr2	exact	ENSMUSG00000040612
Inf2	Inf2	exact	ENSMUSG00000037679
Inhba	Inhba	exact	ENSMUSG00000041324
Inpp5K	Inpp5k	case_insensitive	ENSMUSG00000006127
Insig2	Insig2	exact	ENSMUSG00000003721
Ip6K2	Ip6k2	case_insensitive	ENSMUSG00000032599
Ipo4	Ipo4	exact	ENSMUSG00000002319
Iqcb1	Iqcb1	exact	ENSMUSG00000022837
Iqce	Iqce	exact	ENSMUSG00000036555
Iqgap2	Iqgap2	exact	ENSMUSG00000021676
Irak1Bp1	Irak1bp1	case_insensitive	ENSMUSG00000032251
Irak2	Irak2	exact	ENSMUSG00000060477
Irf1	Irf1	exact	ENSMUSG00000018899
Irf2Bpl	Irf2bpl	case_insensitive	ENSMUSG00000034168
Irf6	Irf6	exact	ENSMUSG00000026638
Irf7	Irf7	exact	ENSMUSG00000025498
Irf9	Irf9	exact	ENSMUSG00000002325
Irgm1	Irgm1	exact	ENSMUSG00000046879
Irgm2	Irgm2	exact	ENSMUSG00000069874
Isg15	Isg15	exact	ENSMUSG00000035692
Isg20	Isg20	exact	ENSMUSG00000039236
Isx	Isx	exact	ENSMUSG00000031621
Itga2	Itga2	exact	ENSMUSG00000015533
Itga2B	Itga2b	case_insensitive	ENSMUSG00000034664
Itga3	Itga3	exact	ENSMUSG00000001507
Itga6	Itga6	exact	ENSMUSG00000027111
Itgav	Itgav	exact	ENSMUSG00000027087
Itgb1Bp1	Itgb1bp1	case_insensitive	ENSMUSG00000062352
Itgb4	Itgb4	exact	ENSMUSG00000020758
Itgb6	Itgb6	exact	ENSMUSG00000026971
Itm2B	Itm2b	case_insensitive	ENSMUSG00000022108
Itpr2	Itpr2	exact	ENSMUSG00000030287
Itpripl2	Itpripl2	exact	ENSMUSG00000095115
Ivl	Ivl	exact	ENSMUSG00000049128
Jag2	Jag2	exact	ENSMUSG00000002799
Jdp2	Jdp2	exact	ENSMUSG00000034271
Jkamp	Jkamp	exact	ENSMUSG00000005078
Jub		not_found	
Junb	Junb	exact	ENSMUSG00000052837
Jup	Jup	exact	ENSMUSG00000001552
Kank3	Kank3	exact	ENSMUSG00000042099
Kansl1L	Kansl1l	case_insensitive	ENSMUSG00000026004
Katnb1	Katnb1	exact	ENSMUSG00000031787
Kbtbd11	Kbtbd11	exact	ENSMUSG00000055675
Kbtbd3	Kbtbd3	exact	ENSMUSG00000025893
Kcnk1	Kcnk1	exact	ENSMUSG00000033998
Kcnn4	Kcnn4	exact	ENSMUSG00000054342
Kcp	Kcp	exact	ENSMUSG00000059022
Kctd1	Kctd1	exact	ENSMUSG00000036225
Kctd10	Kctd10	exact	ENSMUSG00000001098
Kctd11	Kctd11	exact	ENSMUSG00000046731
Kctd17	Kctd17	exact	ENSMUSG00000033287
Kctd21	Kctd21	exact	ENSMUSG00000044952
Kdm5A	Kdm5a	case_insensitive	ENSMUSG00000030180
Khdc1A	Khdc1a	case_insensitive	ENSMUSG00000067750
Kif12	Kif12	exact	ENSMUSG00000028357
Kif1A	Kif1a	case_insensitive	ENSMUSG00000014602
Kif20B	Kif20b	case_insensitive	ENSMUSG00000024795
Kif3A	Kif3a	case_insensitive	ENSMUSG00000018395
Kif3C	Kif3c	case_insensitive	ENSMUSG00000020668
Kif9	Kif9	exact	ENSMUSG00000032489
Kifap3	Kifap3	exact	ENSMUSG00000026585
Kifc3	Kifc3	exact	ENSMUSG00000031788
Kirrel		not_found	
Klc3	Klc3	exact	ENSMUSG00000040714
Klf4	Klf4	exact	ENSMUSG00000003032
Klf6	Klf6	exact	ENSMUSG00000000078
Klhl13	Klhl13	exact	ENSMUSG00000036782
Klrg2	Klrg2	exact	ENSMUSG00000071537
Krba1	Krba1	exact	ENSMUSG00000042810
Krt13	Krt13	exact	ENSMUSG00000044041
Krt14	Krt14	exact	ENSMUSG00000045545
Krt15	Krt15	exact	ENSMUSG00000054146
Krt16	Krt16	exact	ENSMUSG00000053797
Krt17	Krt17	exact	ENSMUSG00000035557
Krt18	Krt18	exact	ENSMUSG00000023043
Krt19	Krt19	exact	ENSMUSG00000020911
Krt20	Krt20	exact	ENSMUSG00000035775
Krt23	Krt23	exact	ENSMUSG00000006777
Krt4	Krt4	exact	ENSMUSG00000059668
Krt6A	Krt6a	case_insensitive	ENSMUSG00000058354
Krt7	Krt7	exact	ENSMUSG00000023039
Krt80	Krt80	exact	ENSMUSG00000037185
Krt9	Krt9	exact	ENSMUSG00000051617
Ktn1	Ktn1	exact	ENSMUSG00000021843
Lama3	Lama3	exact	ENSMUSG00000024421
Lama4	Lama4	exact	ENSMUSG00000019846
Lama5	Lama5	exact	ENSMUSG00000015647
Lamb1	Lamb1	exact	ENSMUSG00000002900
Lamb2	Lamb2	exact	ENSMUSG00000052911
Lamb3	Lamb3	exact	ENSMUSG00000026639
Lamc1	Lamc1	exact	ENSMUSG00000026478
Lamc2	Lamc2	exact	ENSMUSG00000026479
Laptm5	Laptm5	exact	ENSMUSG00000028581
Lasp1	Lasp1	exact	ENSMUSG00000038366
Lats2	Lats2	exact	ENSMUSG00000021959
Lbh	Lbh	exact	ENSMUSG00000024063
Lbp	Lbp	exact	ENSMUSG00000016024
Lcn2	Lcn2	exact	ENSMUSG00000026822
Ldhb	Ldhb	exact	ENSMUSG00000030246
Ldhd	Ldhd	exact	ENSMUSG00000031958
Ldoc1L		not_found	
Lefty1	Lefty1	exact	ENSMUSG00000038793
Leprel4		not_found	
Leprotl1	Leprotl1	exact	ENSMUSG00000031513
Lgals1	Lgals1	exact	ENSMUSG00000068220
Lgals3	Lgals3	exact	ENSMUSG00000050335
Lgals3Bp	Lgals3bp	case_insensitive	ENSMUSG00000033880
Lgi2	Lgi2	exact	ENSMUSG00000039252
Lgmn	Lgmn	exact	ENSMUSG00000021190
Lhfpl2	Lhfpl2	exact	ENSMUSG00000045312
Limk1	Limk1	exact	ENSMUSG00000029674
Lims2	Lims2	exact	ENSMUSG00000024395
Lipa	Lipa	exact	ENSMUSG00000024781
Litaf	Litaf	exact	ENSMUSG00000022500
Lman2L	Lman2l	case_insensitive	ENSMUSG00000001143
Lmna	Lmna	exact	ENSMUSG00000028063
Lmo4	Lmo4	exact	ENSMUSG00000028266
Lmo7	Lmo7	exact	ENSMUSG00000033060
Lor		not_found	
Loxl4	Loxl4	exact	ENSMUSG00000025185
Lpar6	Lpar6	exact	ENSMUSG00000033446
Lpcat4	Lpcat4	exact	ENSMUSG00000027134
Lphn3		not_found	
Lrg1	Lrg1	exact	ENSMUSG00000037095
Lrp6	Lrp6	exact	ENSMUSG00000030201
Lrrc20	Lrrc20	exact	ENSMUSG00000037151
Lrrc26	Lrrc26	exact	ENSMUSG00000026961
Lrrc49	Lrrc49	exact	ENSMUSG00000047766
Lrrc8E	Lrrc8e	case_insensitive	ENSMUSG00000046589
Lrrfip1	Lrrfip1	exact	ENSMUSG00000026305
Lsm11	Lsm11	exact	ENSMUSG00000044847
Lsm6	Lsm6	exact	ENSMUSG00000031683
Lss	Lss	exact	ENSMUSG00000033105
Lst1	Lst1	exact	ENSMUSG00000073412
Ltb	Ltb	exact	ENSMUSG00000024399
Ltbp1	Ltbp1	exact	ENSMUSG00000001870
Ltbp3	Ltbp3	exact	ENSMUSG00000024940
Ltbp4	Ltbp4	exact	ENSMUSG00000040488
Ltf	Ltf	exact	ENSMUSG00000032496
Luc7L3	Luc7l3	case_insensitive	ENSMUSG00000020863
Lum	Lum	exact	ENSMUSG00000036446
Lurap1L	Lurap1l	case_insensitive	ENSMUSG00000048706
Lxn	Lxn	exact	ENSMUSG00000047557
Ly6A	Ly6a	case_insensitive	ENSMUSG00000075602
Ly6C1	Ly6c1	case_insensitive	ENSMUSG00000079018
Ly6C2	Ly6c2	case_insensitive	ENSMUSG00000022584
Ly6D	Ly6d	case_insensitive	ENSMUSG00000034634
Ly6E	Ly6e	case_insensitive	ENSMUSG00000022587
Ly6G6E	Ly6g6e	case_insensitive	ENSMUSG00000013766
Ly96	Ly96	exact	ENSMUSG00000025779
Lynx1	Lynx1	exact	ENSMUSG00000022594
Lypd3	Lypd3	exact	ENSMUSG00000057454
Lyplal1	Lyplal1	exact	ENSMUSG00000039246
Macf1	Macf1	exact	ENSMUSG00000028649
Maff	Maff	exact	ENSMUSG00000042622
Maged1	Maged1	exact	ENSMUSG00000025151
Maged2	Maged2	exact	ENSMUSG00000025268
Magee1	Magee1	exact	ENSMUSG00000031227
Mal	Mal	exact	ENSMUSG00000027375
Maml2	Maml2	exact	ENSMUSG00000031925
Man2A2	Man2a2	case_insensitive	ENSMUSG00000038886
Manba	Manba	exact	ENSMUSG00000028164
Map1B	Map1b	case_insensitive	ENSMUSG00000052727
Map1Lc3A	Map1lc3a	case_insensitive	ENSMUSG00000027602
Map1S	Map1s	case_insensitive	ENSMUSG00000019261
Map3K12	Map3k12	case_insensitive	ENSMUSG00000023050
Map7D1	Map7d1	case_insensitive	ENSMUSG00000028849
Map9	Map9	exact	ENSMUSG00000033900
Mapk11	Mapk11	exact	ENSMUSG00000053137
Mapk12	Mapk12	exact	ENSMUSG00000022610
Mapk8Ip1	Mapk8ip1	case_insensitive	ENSMUSG00000027223
Mapre1	Mapre1	exact	ENSMUSG00000027479
Mapre2	Mapre2	exact	ENSMUSG00000024277
Marcksl1	Marcksl1	exact	ENSMUSG00000047945
Marveld1	Marveld1	exact	ENSMUSG00000044345
Mbnl2	Mbnl2	exact	ENSMUSG00000022139
Mboat1	Mboat1	exact	ENSMUSG00000038732
Mboat2	Mboat2	exact	ENSMUSG00000020646
Mcam	Mcam	exact	ENSMUSG00000032135
Mcc	Mcc	exact	ENSMUSG00000071856
Mdfi	Mdfi	exact	ENSMUSG00000032717
Mdfic	Mdfic	exact	ENSMUSG00000041390
Mdm2	Mdm2	exact	ENSMUSG00000020184
Me1	Me1	exact	ENSMUSG00000032418
Mea1	Mea1	exact	ENSMUSG00000002768
Med31	Med31	exact	ENSMUSG00000020801
Medag	Medag	exact	ENSMUSG00000029659
Megf8	Megf8	exact	ENSMUSG00000045039
Meis1	Meis1	exact	ENSMUSG00000020160
Meis2	Meis2	exact	ENSMUSG00000027210
Metrn	Metrn	exact	ENSMUSG00000002274
Mettl7B		not_found	
Mfap3L	Mfap3l	case_insensitive	ENSMUSG00000031647
Mfap5	Mfap5	exact	ENSMUSG00000030116
Mfhas1	Mfhas1	exact	ENSMUSG00000070056
Mfsd1	Mfsd1	exact	ENSMUSG00000027775
Mfsd2A	Mfsd2a	case_insensitive	ENSMUSG00000028655
Mgarp	Mgarp	exact	ENSMUSG00000037161
Mgat3	Mgat3	exact	ENSMUSG00000042428
Mgat4C	Mgat4c	case_insensitive	ENSMUSG00000019888
Mgmt	Mgmt	exact	ENSMUSG00000054612
Mgp	Mgp	exact	ENSMUSG00000030218
Mis12	Mis12	exact	ENSMUSG00000040599
Mkrn3	Mkrn3	exact	ENSMUSG00000070527
Mlf1	Mlf1	exact	ENSMUSG00000048416
Mlkl	Mlkl	exact	ENSMUSG00000012519
Mmp11	Mmp11	exact	ENSMUSG00000000901
Mmp13	Mmp13	exact	ENSMUSG00000050578
Mmp14	Mmp14	exact	ENSMUSG00000000957
Mmp15	Mmp15	exact	ENSMUSG00000031790
Mmp2	Mmp2	exact	ENSMUSG00000031740
Mmp23	Mmp23	exact	ENSMUSG00000029061
Mmp7	Mmp7	exact	ENSMUSG00000018623
Mndal	Mndal	exact	ENSMUSG00000090272
Mob1A	Mob1a	case_insensitive	ENSMUSG00000043131
Morf4L1	Morf4l1	case_insensitive	ENSMUSG00000062270
Morn2	Morn2	exact	ENSMUSG00000045257
Mpv17	Mpv17	exact	ENSMUSG00000107283
Mras	Mras	exact	ENSMUSG00000032470
Mrc1	Mrc1	exact	ENSMUSG00000026712
Mrpl18	Mrpl18	exact	ENSMUSG00000057388
Mrpl43	Mrpl43	exact	ENSMUSG00000025208
Mrpl9	Mrpl9	exact	ENSMUSG00000028140
Msantd3	Msantd3	exact	ENSMUSG00000039693
Msantd4	Msantd4	exact	ENSMUSG00000041124
Msln	Msln	exact	ENSMUSG00000063011
Msn	Msn	exact	ENSMUSG00000031207
Msrb2	Msrb2	exact	ENSMUSG00000023094
Mt-Tc	mt-Tc	case_insensitive	ENSMUSG00000064349
Mt-Tp	mt-Tp	case_insensitive	ENSMUSG00000064372
Mtap	Mtap	exact	ENSMUSG00000062937
Mtap6		not_found	
Mtmr10	Mtmr10	exact	ENSMUSG00000030522
Mtmr11	Mtmr11	exact	ENSMUSG00000045934
Muc1	Muc1	exact	ENSMUSG00000042784
Muc20	Muc20	exact	ENSMUSG00000035638
Muc4	Muc4	exact	ENSMUSG00000118672
Mvp	Mvp	exact	ENSMUSG00000030681
Mx2	Mx2	exact	ENSMUSG00000023341
Mxd4	Mxd4	exact	ENSMUSG00000037235
Mycbp2	Mycbp2	exact	ENSMUSG00000033004
Mycbpap	Mycbpap	exact	ENSMUSG00000039110
Myl12A	Myl12a	case_insensitive	ENSMUSG00000024048
Myl7	Myl7	exact	ENSMUSG00000020469
Myl9	Myl9	exact	ENSMUSG00000067818
Myo1C	Myo1c	case_insensitive	ENSMUSG00000017774
Myo1E	Myo1e	case_insensitive	ENSMUSG00000032220
Myo1H	Myo1h	case_insensitive	ENSMUSG00000066952
Myo5C	Myo5c	case_insensitive	ENSMUSG00000033590
Myo7A	Myo7a	case_insensitive	ENSMUSG00000030761
Myo9B	Myo9b	case_insensitive	ENSMUSG00000004677
Myof	Myof	exact	ENSMUSG00000048612
Naglu	Naglu	exact	ENSMUSG00000001751
Nap1L1	Nap1l1	case_insensitive	ENSMUSG00000058799
Napa	Napa	exact	ENSMUSG00000006024
Napg	Napg	exact	ENSMUSG00000024581
Napsa	Napsa	exact	ENSMUSG00000002204
Nbea	Nbea	exact	ENSMUSG00000027799
Nbl1	Nbl1	exact	ENSMUSG00000041120
Nceh1	Nceh1	exact	ENSMUSG00000027698
Nckap1	Nckap1	exact	ENSMUSG00000027002
Ncmap	Ncmap	exact	ENSMUSG00000043924
Ncrna00085		not_found	
Ndn	Ndn	exact	ENSMUSG00000033585
Nefh	Nefh	exact	ENSMUSG00000020396
Nenf	Nenf	exact	ENSMUSG00000037499
Nes	Nes	exact	ENSMUSG00000004891
Neu1	Neu1	exact	ENSMUSG00000007038
Nfe2L3	Nfe2l3	case_insensitive	ENSMUSG00000029832
Ngfrap1		not_found	
Nicn1	Nicn1	exact	ENSMUSG00000032606
Nid1	Nid1	exact	ENSMUSG00000005397
Nipa1	Nipa1	exact	ENSMUSG00000047037
Nipal2	Nipal2	exact	ENSMUSG00000038879
Nkx2-6	Nkx2-6	exact	ENSMUSG00000044186
Nme1	Nme1	exact	ENSMUSG00000037601
Nme5	Nme5	exact	ENSMUSG00000035984
Nono	Nono	exact	ENSMUSG00000031311
Nop58	Nop58	exact	ENSMUSG00000026020
Nos2	Nos2	exact	ENSMUSG00000020826
Nos3	Nos3	exact	ENSMUSG00000028978
Notch3	Notch3	exact	ENSMUSG00000038146
Noxo1	Noxo1	exact	ENSMUSG00000019320
Nphp1	Nphp1	exact	ENSMUSG00000027378
Nphp4	Nphp4	exact	ENSMUSG00000039577
Npnt	Npnt	exact	ENSMUSG00000040998
Nr2F2	Nr2f2	case_insensitive	ENSMUSG00000030551
Nr4A1	Nr4a1	case_insensitive	ENSMUSG00000023034
Nrep	Nrep	exact	ENSMUSG00000042834
Nrip3	Nrip3	exact	ENSMUSG00000034825
Nrp1	Nrp1	exact	ENSMUSG00000025810
Nt5C2	Nt5c2	case_insensitive	ENSMUSG00000025041
Nt5E	Nt5e	case_insensitive	ENSMUSG00000032420
Ntrk2	Ntrk2	exact	ENSMUSG00000055254
Nudt18	Nudt18	exact	ENSMUSG00000045211
Nutf2	Nutf2	exact	ENSMUSG00000008450
Nxn	Nxn	exact	ENSMUSG00000020844
Nxnl2	Nxnl2	exact	ENSMUSG00000021396
Oas1F	Oas1f	case_insensitive	ENSMUSG00000053765
Oas2	Oas2	exact	ENSMUSG00000032690
Oas3	Oas3	exact	ENSMUSG00000032661
Oasl1	Oasl1	exact	ENSMUSG00000041827
Oasl2	Oasl2	exact	ENSMUSG00000029561
Oaz2	Oaz2	exact	ENSMUSG00000040652
Ogn	Ogn	exact	ENSMUSG00000021390
Olfr1318		not_found	
Omp	Omp	exact	ENSMUSG00000074006
Onecut2	Onecut2	exact	ENSMUSG00000045991
Ophn1	Ophn1	exact	ENSMUSG00000031214
Orai1	Orai1	exact	ENSMUSG00000049686
Orai3	Orai3	exact	ENSMUSG00000043964
Osbpl3	Osbpl3	exact	ENSMUSG00000029822
Osbpl5	Osbpl5	exact	ENSMUSG00000037606
Osgin1	Osgin1	exact	ENSMUSG00000074063
Osmr	Osmr	exact	ENSMUSG00000022146
Osr1	Osr1	exact	ENSMUSG00000048387
Otop3	Otop3	exact	ENSMUSG00000018862
Otub2	Otub2	exact	ENSMUSG00000021203
Otud1	Otud1	exact	ENSMUSG00000043415
Otud7B	Otud7b	case_insensitive	ENSMUSG00000038495
Oxct2B	Oxct2b	case_insensitive	ENSMUSG00000076438
Oxr1	Oxr1	exact	ENSMUSG00000022307
P2Rx2	P2rx2	case_insensitive	ENSMUSG00000029503
P2Ry2	P2ry2	case_insensitive	ENSMUSG00000032860
P2Ry6	P2ry6	case_insensitive	ENSMUSG00000048779
Pabpc1	Pabpc1	exact	ENSMUSG00000022283
Pabpn1	Pabpn1	exact	ENSMUSG00000022194
Pacrg	Pacrg	exact	ENSMUSG00000037196
Pacsin3	Pacsin3	exact	ENSMUSG00000027257
Padi2	Padi2	exact	ENSMUSG00000028927
Pak1	Pak1	exact	ENSMUSG00000030774
Pak3	Pak3	exact	ENSMUSG00000031284
Pak6	Pak6	exact	ENSMUSG00000074923
Pald1	Pald1	exact	ENSMUSG00000020092
Palld	Palld	exact	ENSMUSG00000058056
Palm	Palm	exact	ENSMUSG00000035863
Palmd	Palmd	exact	ENSMUSG00000033377
Pam	Pam	exact	ENSMUSG00000026335
Pamr1	Pamr1	exact	ENSMUSG00000027188
Paqr5	Paqr5	exact	ENSMUSG00000032278
Paqr7	Paqr7	exact	ENSMUSG00000037348
Paqr8	Paqr8	exact	ENSMUSG00000025931
Pard6B	Pard6b	case_insensitive	ENSMUSG00000044641
Parm1	Parm1	exact	ENSMUSG00000034981
Parp12	Parp12	exact	ENSMUSG00000038507
Parp14	Parp14	exact	ENSMUSG00000034422
Parp8	Parp8	exact	ENSMUSG00000021725
Parva	Parva	exact	ENSMUSG00000030770
Pax8	Pax8	exact	ENSMUSG00000026976
Pbdc1	Pbdc1	exact	ENSMUSG00000031226
Pbx1	Pbx1	exact	ENSMUSG00000052534
Pbxip1	Pbxip1	exact	ENSMUSG00000042613
Pcbp3	Pcbp3	exact	ENSMUSG00000001120
Pcgf6	Pcgf6	exact	ENSMUSG00000025050
Pcnxl4		not_found	
Pcolce	Pcolce	exact	ENSMUSG00000029718
Pcsk6	Pcsk6	exact	ENSMUSG00000030513
Pcyt1A	Pcyt1a	case_insensitive	ENSMUSG00000005615
Pcyt1B	Pcyt1b	case_insensitive	ENSMUSG00000035246
Pdgfb	Pdgfb	exact	ENSMUSG00000000489
Pdgfc	Pdgfc	exact	ENSMUSG00000028019
Pdgfra	Pdgfra	exact	ENSMUSG00000029231
Pdlim2	Pdlim2	exact	ENSMUSG00000022090
Pdlim4	Pdlim4	exact	ENSMUSG00000020388
Pdlim7	Pdlim7	exact	ENSMUSG00000021493
Pdpn	Pdpn	exact	ENSMUSG00000028583
Pdrg1	Pdrg1	exact	ENSMUSG00000027472
Pdxk	Pdxk	exact	ENSMUSG00000032788
Pdzk1Ip1	Pdzk1ip1	case_insensitive	ENSMUSG00000028716
Pdzrn3	Pdzrn3	exact	ENSMUSG00000035357
Pear1	Pear1	exact	ENSMUSG00000028073
Perp	Perp	exact	ENSMUSG00000019851
Pes1	Pes1	exact	ENSMUSG00000020430
Pex19	Pex19	exact	ENSMUSG00000003464
Pfdn2	Pfdn2	exact	ENSMUSG00000006412
Pfn2	Pfn2	exact	ENSMUSG00000027805
Pgap1	Pgap1	exact	ENSMUSG00000073678
Pglyrp1	Pglyrp1	exact	ENSMUSG00000030413
Phlda1	Phlda1	exact	ENSMUSG00000020205
Phlda2	Phlda2	exact	ENSMUSG00000010760
Phlda3	Phlda3	exact	ENSMUSG00000041801
Phldb2	Phldb2	exact	ENSMUSG00000033149
Pias3	Pias3	exact	ENSMUSG00000028101
Picalm	Picalm	exact	ENSMUSG00000039361
Piezo1	Piezo1	exact	ENSMUSG00000014444
Pifo		not_found	
Pik3C2G	Pik3c2g	case_insensitive	ENSMUSG00000030228
Pik3Ip1	Pik3ip1	case_insensitive	ENSMUSG00000034614
Pik3R3	Pik3r3	case_insensitive	ENSMUSG00000028698
Pilra	Pilra	exact	ENSMUSG00000046245
Pim1	Pim1	exact	ENSMUSG00000024014
Pip4K2A	Pip4k2a	case_insensitive	ENSMUSG00000026737
Pip4K2B	Pip4k2b	case_insensitive	ENSMUSG00000018547
Pip4K2C	Pip4k2c	case_insensitive	ENSMUSG00000025417
Pip5K1A	Pip5k1a	case_insensitive	ENSMUSG00000028126
Pir	Pir	exact	ENSMUSG00000031379
Pitpna	Pitpna	exact	ENSMUSG00000017781
Pitpnm3	Pitpnm3	exact	ENSMUSG00000040543
Pkd2	Pkd2	exact	ENSMUSG00000034462
Pkia	Pkia	exact	ENSMUSG00000027499
Pkp4	Pkp4	exact	ENSMUSG00000026991
Pla1A	Pla1a	case_insensitive	ENSMUSG00000002847
Pla2G15	Pla2g15	case_insensitive	ENSMUSG00000031903
Pla2G2A	Pla2g2a	case_insensitive	ENSMUSG00000058908
Plat	Plat	exact	ENSMUSG00000031538
Plau	Plau	exact	ENSMUSG00000021822
Plaur	Plaur	exact	ENSMUSG00000046223
Plcd3	Plcd3	exact	ENSMUSG00000020937
Pld3	Pld3	exact	ENSMUSG00000003363
Plec	Plec	exact	ENSMUSG00000022565
Plekhg3	Plekhg3	exact	ENSMUSG00000052609
Plekhh1	Plekhh1	exact	ENSMUSG00000060716
Plekhm3	Plekhm3	exact	ENSMUSG00000051344
Plekhs1	Plekhs1	exact	ENSMUSG00000035818
Plet1	Plet1	exact	ENSMUSG00000032068
Plin4	Plin4	exact	ENSMUSG00000002831
Plk2	Plk2	exact	ENSMUSG00000021701
Pllp	Pllp	exact	ENSMUSG00000031775
Plod2	Plod2	exact	ENSMUSG00000032374
Pls3	Pls3	exact	ENSMUSG00000016382
Plscr1	Plscr1	exact	ENSMUSG00000032369
Plscr2	Plscr2	exact	ENSMUSG00000032372
Plscr4	Plscr4	exact	ENSMUSG00000032377
Pltp	Pltp	exact	ENSMUSG00000017754
Plxnb2	Plxnb2	exact	ENSMUSG00000036606
Pmaip1	Pmaip1	exact	ENSMUSG00000024521
Pmepa1	Pmepa1	exact	ENSMUSG00000038400
Pmm1	Pmm1	exact	ENSMUSG00000022474
Pmp22	Pmp22	exact	ENSMUSG00000018217
Pnpt1	Pnpt1	exact	ENSMUSG00000020464
Podxl	Podxl	exact	ENSMUSG00000025608
Polr2L	Polr2l	case_insensitive	ENSMUSG00000038489
Porcn	Porcn	exact	ENSMUSG00000031169
Postn	Postn	exact	ENSMUSG00000027750
Pou6F1	Pou6f1	case_insensitive	ENSMUSG00000009739
Pparg	Pparg	exact	ENSMUSG00000000440
Ppbp	Ppbp	exact	ENSMUSG00000029372
Ppfibp1	Ppfibp1	exact	ENSMUSG00000016487
Ppfibp2	Ppfibp2	exact	ENSMUSG00000036528
Ppic	Ppic	exact	ENSMUSG00000024538
Ppl	Ppl	exact	ENSMUSG00000039457
Ppm1K	Ppm1k	case_insensitive	ENSMUSG00000037826
Ppm1M	Ppm1m	case_insensitive	ENSMUSG00000020253
Ppp1R11	Ppp1r11	case_insensitive	ENSMUSG00000036398
Ppp1R15A	Ppp1r15a	case_insensitive	ENSMUSG00000040435
Ppp1R18	Ppp1r18	case_insensitive	ENSMUSG00000034595
Ppp1R2	Ppp1r2	case_insensitive	ENSMUSG00000047714
Ppp1R3C	Ppp1r3c	case_insensitive	ENSMUSG00000067279
Ppp1R3D	Ppp1r3d	case_insensitive	ENSMUSG00000049999
Ppp1R7	Ppp1r7	case_insensitive	ENSMUSG00000026275
Ppp1R9A	Ppp1r9a	case_insensitive	ENSMUSG00000032827
Ppp2R2B	Ppp2r2b	case_insensitive	ENSMUSG00000024500
Pramef8		not_found	
Prc1	Prc1	exact	ENSMUSG00000038943
Prkaa1	Prkaa1	exact	ENSMUSG00000050697
Prkacb	Prkacb	exact	ENSMUSG00000005034
Prkar1A	Prkar1a	case_insensitive	ENSMUSG00000020612
Prkar2B	Prkar2b	case_insensitive	ENSMUSG00000002997
Prkca	Prkca	exact	ENSMUSG00000050965
Prkcdbp		not_found	
Prkch	Prkch	exact	ENSMUSG00000021108
Prkcz	Prkcz	exact	ENSMUSG00000029053
Prkd3	Prkd3	exact	ENSMUSG00000024070
Prl2C3	Prl2c3	case_insensitive	ENSMUSG00000056457
Prmt2	Prmt2	exact	ENSMUSG00000020230
Prnd	Prnd	exact	ENSMUSG00000027338
Prnp	Prnp	exact	ENSMUSG00000079037
Proc	Proc	exact	ENSMUSG00000024386
Prom1	Prom1	exact	ENSMUSG00000029086
Prps2	Prps2	exact	ENSMUSG00000025742
Prr13	Prr13	exact	ENSMUSG00000023048
Prr18	Prr18	exact	ENSMUSG00000055945
Prrg4	Prrg4	exact	ENSMUSG00000027171
Prss22	Prss22	exact	ENSMUSG00000045027
Prss23	Prss23	exact	ENSMUSG00000039405
Psapl1	Psapl1	exact	ENSMUSG00000043430
Psca	Psca	exact	ENSMUSG00000022598
Psma3	Psma3	exact	ENSMUSG00000060073
Psrc1	Psrc1	exact	ENSMUSG00000068744
Ptgs1	Ptgs1	exact	ENSMUSG00000047250
Ptgs2	Ptgs2	exact	ENSMUSG00000032487
Ptk7	Ptk7	exact	ENSMUSG00000023972
Ptp4A3	Ptp4a3	case_insensitive	ENSMUSG00000059895
Ptpdc1	Ptpdc1	exact	ENSMUSG00000038042
Ptpn14	Ptpn14	exact	ENSMUSG00000026604
Ptpn21	Ptpn21	exact	ENSMUSG00000021009
Ptprb	Ptprb	exact	ENSMUSG00000020154
Ptpre	Ptpre	exact	ENSMUSG00000041836
Ptprk	Ptprk	exact	ENSMUSG00000019889
Ptprr	Ptprr	exact	ENSMUSG00000020151
Ptprs	Ptprs	exact	ENSMUSG00000013236
Ptprt	Ptprt	exact	ENSMUSG00000053141
Ptrf		not_found	
Ptrh1	Ptrh1	exact	ENSMUSG00000053746
Pum2	Pum2	exact	ENSMUSG00000020594
Pvr	Pvr	exact	ENSMUSG00000040511
Pwwp2B	Pwwp2b	case_insensitive	ENSMUSG00000060260
Pycr2	Pycr2	exact	ENSMUSG00000026520
Pygb	Pygb	exact	ENSMUSG00000033059
Qsox1	Qsox1	exact	ENSMUSG00000033684
R3Hdm4	R3hdm4	case_insensitive	ENSMUSG00000035781
Rab11A	Rab11a	case_insensitive	ENSMUSG00000004771
Rab11Fip5	Rab11fip5	case_insensitive	ENSMUSG00000051343
Rab12	Rab12	exact	ENSMUSG00000023460
Rab15	Rab15	exact	ENSMUSG00000021062
Rab27A	Rab27a	case_insensitive	ENSMUSG00000032202
Rab27B	Rab27b	case_insensitive	ENSMUSG00000024511
Rab31	Rab31	exact	ENSMUSG00000056515
Rab32	Rab32	exact	ENSMUSG00000019832
Rab34	Rab34	exact	ENSMUSG00000002059
Rab38	Rab38	exact	ENSMUSG00000030559
Rabac1	Rabac1	exact	ENSMUSG00000003380
Rac3	Rac3	exact	ENSMUSG00000018012
Ranbp1	Ranbp1	exact	ENSMUSG00000005732
Rap1Gap	Rap1gap	case_insensitive	ENSMUSG00000041351
Rapgef2	Rapgef2	exact	ENSMUSG00000062232
Rapgef6	Rapgef6	exact	ENSMUSG00000037533
Raph1	Raph1	exact	ENSMUSG00000026014
Rarres2	Rarres2	exact	ENSMUSG00000009281
Rasgef1B	Rasgef1b	case_insensitive	ENSMUSG00000089809
Rasgrf1	Rasgrf1	exact	ENSMUSG00000032356
Rasgrp3	Rasgrp3	exact	ENSMUSG00000071042
Rasl10A	Rasl10a	case_insensitive	ENSMUSG00000034209
Rassf1	Rassf1	exact	ENSMUSG00000010067
Rassf5	Rassf5	exact	ENSMUSG00000026430
Rassf7	Rassf7	exact	ENSMUSG00000038618
Rassf8	Rassf8	exact	ENSMUSG00000030259
Rassf9	Rassf9	exact	ENSMUSG00000044921
Rbbp4	Rbbp4	exact	ENSMUSG00000057236
Rbbp9	Rbbp9	exact	ENSMUSG00000027428
Rbm25	Rbm25	exact	ENSMUSG00000010608
Rbm43	Rbm43	exact	ENSMUSG00000036249
Rbm4B	Rbm4b	case_insensitive	ENSMUSG00000033760
Rbms1	Rbms1	exact	ENSMUSG00000026970
Rbms3	Rbms3	exact	ENSMUSG00000039607
Rbmx2	Rbmx2	exact	ENSMUSG00000031107
Rbp1	Rbp1	exact	ENSMUSG00000046402
Rbpj	Rbpj	exact	ENSMUSG00000039191
Rbpms	Rbpms	exact	ENSMUSG00000031586
Rbx1	Rbx1	exact	ENSMUSG00000022400
Rcan3	Rcan3	exact	ENSMUSG00000059713
Rdh10	Rdh10	exact	ENSMUSG00000025921
Reep5	Reep5	exact	ENSMUSG00000005873
Reg3B	Reg3b	case_insensitive	ENSMUSG00000071356
Reg3G	Reg3g	case_insensitive	ENSMUSG00000030017
Reln	Reln	exact	ENSMUSG00000042453
Rem2	Rem2	exact	ENSMUSG00000022176
Retnlb	Retnlb	exact	ENSMUSG00000022650
Rfc3	Rfc3	exact	ENSMUSG00000033970
Rfx2	Rfx2	exact	ENSMUSG00000024206
Rgl1	Rgl1	exact	ENSMUSG00000026482
Rgl3	Rgl3	exact	ENSMUSG00000040146
Rgs10	Rgs10	exact	ENSMUSG00000030844
Rgs19	Rgs19	exact	ENSMUSG00000002458
Rhbdf1	Rhbdf1	exact	ENSMUSG00000020282
Rhob	Rhob	exact	ENSMUSG00000054364
Rhoc	Rhoc	exact	ENSMUSG00000002233
Rhod	Rhod	exact	ENSMUSG00000041845
Rhof	Rhof	exact	ENSMUSG00000029449
Rhoj	Rhoj	exact	ENSMUSG00000046768
Rilpl1	Rilpl1	exact	ENSMUSG00000029392
Rin1	Rin1	exact	ENSMUSG00000024883
Rin3	Rin3	exact	ENSMUSG00000044456
Ripk3	Ripk3	exact	ENSMUSG00000022221
Ripk4	Ripk4	exact	ENSMUSG00000005251
Ripply3	Ripply3	exact	ENSMUSG00000022941
Rmdn2	Rmdn2	exact	ENSMUSG00000036368
Rnd1	Rnd1	exact	ENSMUSG00000054855
Rnf11	Rnf11	exact	ENSMUSG00000028557
Rnf135	Rnf135	exact	ENSMUSG00000020707
Rnf208	Rnf208	exact	ENSMUSG00000044628
Rnf39	Rnf39	exact	ENSMUSG00000036492
Rnu3A		not_found	
Robo1	Robo1	exact	ENSMUSG00000022883
Rogdi	Rogdi	exact	ENSMUSG00000022540
Romo1	Romo1	exact	ENSMUSG00000067847
Rora	Rora	exact	ENSMUSG00000032238
Rpgrip1L	Rpgrip1l	case_insensitive	ENSMUSG00000033282
Rpl12	Rpl12	exact	ENSMUSG00000038900
Rpl13A	Rpl13a	case_insensitive	ENSMUSG00000074129
Rpl18A	Rpl18a	case_insensitive	ENSMUSG00000045128
Rpl23	Rpl23	exact	ENSMUSG00000071415
Rpl30	Rpl30	exact	ENSMUSG00000058600
Rpl31	Rpl31	exact	ENSMUSG00000073702
Rpl32	Rpl32	exact	ENSMUSG00000057841
Rpl36A	Rpl36a	case_insensitive	ENSMUSG00000079435
Rpph1	Rpph1	exact	ENSMUSG00000092837
Rps11	Rps11	exact	ENSMUSG00000003429
Rps17	Rps17	exact	ENSMUSG00000061787
Rps19	Rps19	exact	ENSMUSG00000040952
Rps24	Rps24	exact	ENSMUSG00000025290
Rps25	Rps25	exact	ENSMUSG00000009927
Rps26	Rps26	exact	ENSMUSG00000025362
Rps27L	Rps27l	case_insensitive	ENSMUSG00000036781
Rps28	Rps28	exact	ENSMUSG00000067288
Rps29	Rps29	exact	ENSMUSG00000034892
Rps4X	Rps4x	case_insensitive	ENSMUSG00000031320
Rrad	Rrad	exact	ENSMUSG00000031880
Rras	Rras	exact	ENSMUSG00000038387
Rras2	Rras2	exact	ENSMUSG00000055723
Rrm2B	Rrm2b	case_insensitive	ENSMUSG00000022292
Rsad1	Rsad1	exact	ENSMUSG00000039096
Rsad2	Rsad2	exact	ENSMUSG00000020641
Rsph1	Rsph1	exact	ENSMUSG00000024033
Rsph9	Rsph9	exact	ENSMUSG00000023966
Rtn4	Rtn4	exact	ENSMUSG00000020458
Rtp4	Rtp4	exact	ENSMUSG00000033355
Runx1	Runx1	exact	ENSMUSG00000022952
Runx2	Runx2	exact	ENSMUSG00000039153
Rusc2	Rusc2	exact	ENSMUSG00000035969
Rwdd1	Rwdd1	exact	ENSMUSG00000019782
S100A1	S100a1	case_insensitive	ENSMUSG00000044080
S100A11	S100a11	case_insensitive	ENSMUSG00000027907
S100A13	S100a13	case_insensitive	ENSMUSG00000042312
S100A14	S100a14	case_insensitive	ENSMUSG00000042306
S100A16	S100a16	case_insensitive	ENSMUSG00000074457
S100A4	S100a4	case_insensitive	ENSMUSG00000001020
S100A6	S100a6	case_insensitive	ENSMUSG00000001025
S100A7A	S100a7a	case_insensitive	ENSMUSG00000063767
S100A8	S100a8	case_insensitive	ENSMUSG00000056054
S100A9	S100a9	case_insensitive	ENSMUSG00000056071
S1Pr2	S1pr2	case_insensitive	ENSMUSG00000043895
Saa3	Saa3	exact	ENSMUSG00000040026
Sall2	Sall2	exact	ENSMUSG00000049532
Samd14	Samd14	exact	ENSMUSG00000047181
Samd5	Samd5	exact	ENSMUSG00000060487
Samd9L	Samd9l	case_insensitive	ENSMUSG00000047735
Sat2	Sat2	exact	ENSMUSG00000069835
Sbsn	Sbsn	exact	ENSMUSG00000046056
Scap	Scap	exact	ENSMUSG00000032485
Scara3	Scara3	exact	ENSMUSG00000034463
Scarna17	Scarna17	exact	ENSMUSG00000088689
Scel	Scel	exact	ENSMUSG00000022123
Scmh1	Scmh1	exact	ENSMUSG00000000085
Scx	Scx	exact	ENSMUSG00000034161
Sdc1	Sdc1	exact	ENSMUSG00000020592
Sdf2	Sdf2	exact	ENSMUSG00000002064
Sdf4	Sdf4	exact	ENSMUSG00000029076
Sdpr		not_found	
Selenbp1	Selenbp1	exact	ENSMUSG00000068874
Sema3B	Sema3b	case_insensitive	ENSMUSG00000057969
Sema3C	Sema3c	case_insensitive	ENSMUSG00000028780
Sema3F	Sema3f	case_insensitive	ENSMUSG00000034684
Sema4B	Sema4b	case_insensitive	ENSMUSG00000030539
Sema7A	Sema7a	case_insensitive	ENSMUSG00000038264
Senp2	Senp2	exact	ENSMUSG00000022855
Senp6	Senp6	exact	ENSMUSG00000034252
Sepn1		not_found	
Serinc1	Serinc1	exact	ENSMUSG00000019877
Serinc2	Serinc2	exact	ENSMUSG00000023232
Serp2	Serp2	exact	ENSMUSG00000052584
Serpina3N	Serpina3n	case_insensitive	ENSMUSG00000021091
Serpinb11	Serpinb11	exact	ENSMUSG00000026327
Serpinb5	Serpinb5	exact	ENSMUSG00000067006
Serpinb6B	Serpinb6b	case_insensitive	ENSMUSG00000042842
Serpinb9	Serpinb9	exact	ENSMUSG00000045827
Serpinb9B	Serpinb9b	case_insensitive	ENSMUSG00000021403
Serping1	Serping1	exact	ENSMUSG00000023224
Sertad4	Sertad4	exact	ENSMUSG00000016262
Sestd1	Sestd1	exact	ENSMUSG00000042272
Setbp1	Setbp1	exact	ENSMUSG00000024548
Setd6	Setd6	exact	ENSMUSG00000031671
Sez6L2	Sez6l2	case_insensitive	ENSMUSG00000030683
Sftpd	Sftpd	exact	ENSMUSG00000021795
Sfxn3	Sfxn3	exact	ENSMUSG00000025212
Sgcb	Sgcb	exact	ENSMUSG00000029156
Sgk1	Sgk1	exact	ENSMUSG00000019970
Sgk2	Sgk2	exact	ENSMUSG00000017868
Sgms1	Sgms1	exact	ENSMUSG00000040451
Sgsm1	Sgsm1	exact	ENSMUSG00000042216
Sgsm3	Sgsm3	exact	ENSMUSG00000042303
Sh3Bgrl2	Sh3bgrl2	case_insensitive	ENSMUSG00000032261
Sh3Bgrl3	Sh3bgrl3	case_insensitive	ENSMUSG00000028843
Sh3Bp5	Sh3bp5	case_insensitive	ENSMUSG00000021892
Sh3Glb1	Sh3glb1	case_insensitive	ENSMUSG00000037062
Sh3Glb2	Sh3glb2	case_insensitive	ENSMUSG00000026860
Sh3Kbp1	Sh3kbp1	case_insensitive	ENSMUSG00000040990
Sh3Pxd2A	Sh3pxd2a	case_insensitive	ENSMUSG00000053617
Sh3Pxd2B	Sh3pxd2b	case_insensitive	ENSMUSG00000040711
Sh3Tc1	Sh3tc1	case_insensitive	ENSMUSG00000036553
Sh3Tc2	Sh3tc2	case_insensitive	ENSMUSG00000045629
Shf	Shf	exact	ENSMUSG00000033256
Shisa5	Shisa5	exact	ENSMUSG00000025647
Shroom1	Shroom1	exact	ENSMUSG00000018387
Siva1	Siva1	exact	ENSMUSG00000064326
Skil	Skil	exact	ENSMUSG00000027660
Slamf9	Slamf9	exact	ENSMUSG00000026548
Slc12A4	Slc12a4	case_insensitive	ENSMUSG00000017765
Slc19A2	Slc19a2	case_insensitive	ENSMUSG00000040918
Slc22A23	Slc22a23	case_insensitive	ENSMUSG00000038267
Slc22A4	Slc22a4	case_insensitive	ENSMUSG00000020334
Slc23A3	Slc23a3	case_insensitive	ENSMUSG00000026205
Slc25A43	Slc25a43	case_insensitive	ENSMUSG00000037636
Slc25A48	Slc25a48	case_insensitive	ENSMUSG00000021509
Slc26A9	Slc26a9	case_insensitive	ENSMUSG00000042268
Slc28A2	Slc28a2	case_insensitive	ENSMUSG00000027219
Slc2A1	Slc2a1	case_insensitive	ENSMUSG00000028645
Slc35E4	Slc35e4	case_insensitive	ENSMUSG00000048807
Slc35G1	Slc35g1	case_insensitive	ENSMUSG00000044026
Slc37A3	Slc37a3	case_insensitive	ENSMUSG00000029924
Slc39A10	Slc39a10	case_insensitive	ENSMUSG00000025986
Slc39A13	Slc39a13	case_insensitive	ENSMUSG00000002105
Slc39A4	Slc39a4	case_insensitive	ENSMUSG00000063354
Slc39A6	Slc39a6	case_insensitive	ENSMUSG00000024270
Slc44A1	Slc44a1	case_insensitive	ENSMUSG00000028412
Slc44A2	Slc44a2	case_insensitive	ENSMUSG00000057193
Slc44A4	Slc44a4	case_insensitive	ENSMUSG00000007034
Slc45A3	Slc45a3	case_insensitive	ENSMUSG00000026435
Slc45A4	Slc45a4	case_insensitive	ENSMUSG00000079020
Slc48A1	Slc48a1	case_insensitive	ENSMUSG00000081534
Slc4A11	Slc4a11	case_insensitive	ENSMUSG00000074796
Slc4A3	Slc4a3	case_insensitive	ENSMUSG00000006576
Slc4A4	Slc4a4	case_insensitive	ENSMUSG00000060961
Slc5A5	Slc5a5	case_insensitive	ENSMUSG00000000792
Slc5A6	Slc5a6	case_insensitive	ENSMUSG00000006641
Slc6A14	Slc6a14	case_insensitive	ENSMUSG00000031089
Slc6A15	Slc6a15	case_insensitive	ENSMUSG00000019894
Slc6A8	Slc6a8	case_insensitive	ENSMUSG00000019558
Slc7A11	Slc7a11	case_insensitive	ENSMUSG00000027737
Slc7A3	Slc7a3	case_insensitive	ENSMUSG00000031297
Slc7A4	Slc7a4	case_insensitive	ENSMUSG00000022756
Slc7A5	Slc7a5	case_insensitive	ENSMUSG00000040010
Slc9A3R2		not_found	
Slc9A4	Slc9a4	case_insensitive	ENSMUSG00000026065
Slco2A1	Slco2a1	case_insensitive	ENSMUSG00000032548
Slco3A1	Slco3a1	case_insensitive	ENSMUSG00000025790
Slco4A1	Slco4a1	case_insensitive	ENSMUSG00000038963
Slfn2	Slfn2	exact	ENSMUSG00000072620
Slpi	Slpi	exact	ENSMUSG00000017002
Slu7	Slu7	exact	ENSMUSG00000020409
Smad6	Smad6	exact	ENSMUSG00000036867
Smad7	Smad7	exact	ENSMUSG00000025880
Smarca1	Smarca1	exact	ENSMUSG00000031099
Smarcc1	Smarcc1	exact	ENSMUSG00000032481
Smarcd3	Smarcd3	exact	ENSMUSG00000028949
Smim15	Smim15	exact	ENSMUSG00000071180
Smo	Smo	exact	ENSMUSG00000001761
Smoc1	Smoc1	exact	ENSMUSG00000021136
Smox	Smox	exact	ENSMUSG00000027333
Smpd1	Smpd1	exact	ENSMUSG00000037049
Smpd3	Smpd3	exact	ENSMUSG00000031906
Smtnl2	Smtnl2	exact	ENSMUSG00000045667
Snap47	Snap47	exact	ENSMUSG00000009894
Snn	Snn	exact	ENSMUSG00000037972
Snord100	Snord100	exact	ENSMUSG00002076971
Snord104	Snord104	exact	ENSMUSG00000065126
Snord17	Snord17	exact	ENSMUSG00000077714
Snord35A	Snord35a	case_insensitive	ENSMUSG00000065818
Snord37	Snord37	exact	ENSMUSG00000064441
Snrk	Snrk	exact	ENSMUSG00000038145
Snrpd1	Snrpd1	exact	ENSMUSG00000002477
Snx33	Snx33	exact	ENSMUSG00000032733
Socs5	Socs5	exact	ENSMUSG00000037104
Sorbs2	Sorbs2	exact	ENSMUSG00000031626
Sord	Sord	exact	ENSMUSG00000027227
Sorl1	Sorl1	exact	ENSMUSG00000049313
Sowahb	Sowahb	exact	ENSMUSG00000045314
Sox17	Sox17	exact	ENSMUSG00000025902
Sox21	Sox21	exact	ENSMUSG00000061517
Sox4	Sox4	exact	ENSMUSG00000076431
Sox9	Sox9	exact	ENSMUSG00000000567
Spaca7	Spaca7	exact	ENSMUSG00000010435
Spag6	Spag6	exact	ENSMUSG00000037708
Sparc	Sparc	exact	ENSMUSG00000018593
Sparcl1	Sparcl1	exact	ENSMUSG00000029309
Spata6	Spata6	exact	ENSMUSG00000034401
Spire1	Spire1	exact	ENSMUSG00000024533
Spns3	Spns3	exact	ENSMUSG00000020798
Spon1	Spon1	exact	ENSMUSG00000038156
Spp1	Spp1	exact	ENSMUSG00000029304
Sprr1A	Sprr1a	case_insensitive	ENSMUSG00000050359
Sprr2A1	Sprr2a1	case_insensitive	ENSMUSG00000078664
Sprr2A2	Sprr2a2	case_insensitive	ENSMUSG00000068893
Sprr2A3	Sprr2a3	case_insensitive	ENSMUSG00000074445
Sprr2B	Sprr2b	case_insensitive	ENSMUSG00000050092
Sprr2H	Sprr2h	case_insensitive	ENSMUSG00000046259
Spsb4	Spsb4	exact	ENSMUSG00000046997
Sptbn1	Sptbn1	exact	ENSMUSG00000020315
Sptbn2	Sptbn2	exact	ENSMUSG00000067889
Sptssb	Sptssb	exact	ENSMUSG00000043461
Srek1Ip1	Srek1ip1	case_insensitive	ENSMUSG00000021716
Srgap3	Srgap3	exact	ENSMUSG00000030257
Ssbp3	Ssbp3	exact	ENSMUSG00000061887
Ssbp4	Ssbp4	exact	ENSMUSG00000070003
Ssh1	Ssh1	exact	ENSMUSG00000042121
Ssr3	Ssr3	exact	ENSMUSG00000027828
St3Gal3	St3gal3	case_insensitive	ENSMUSG00000028538
St3Gal5	St3gal5	case_insensitive	ENSMUSG00000056091
St6Gal1	St6gal1	case_insensitive	ENSMUSG00000022885
Stard3	Stard3	exact	ENSMUSG00000018167
Stbd1	Stbd1	exact	ENSMUSG00000047963
Stc1	Stc1	exact	ENSMUSG00000014813
Stc2	Stc2	exact	ENSMUSG00000020303
Steap1	Steap1	exact	ENSMUSG00000015652
Steap2	Steap2	exact	ENSMUSG00000015653
Stk32C	Stk32c	case_insensitive	ENSMUSG00000015981
Stk36	Stk36	exact	ENSMUSG00000033276
Ston1	Ston1	exact	ENSMUSG00000033855
Stra6	Stra6	exact	ENSMUSG00000032327
Stx11	Stx11	exact	ENSMUSG00000039232
Stx7	Stx7	exact	ENSMUSG00000019998
Stxbp1	Stxbp1	exact	ENSMUSG00000026797
Stxbp4	Stxbp4	exact	ENSMUSG00000020546
Sub1	Sub1	exact	ENSMUSG00000022205
Sucnr1	Sucnr1	exact	ENSMUSG00000027762
Sulf2	Sulf2	exact	ENSMUSG00000006800
Sult1A1	Sult1a1	case_insensitive	ENSMUSG00000030711
Sult1C2	Sult1c2	case_insensitive	ENSMUSG00000023122
Sult4A1	Sult4a1	case_insensitive	ENSMUSG00000018865
Suox	Suox	exact	ENSMUSG00000049858
Susd2	Susd2	exact	ENSMUSG00000006342
Susd4	Susd4	exact	ENSMUSG00000038576
Svep1	Svep1	exact	ENSMUSG00000028369
Swt1	Swt1	exact	ENSMUSG00000052748
Syde1	Syde1	exact	ENSMUSG00000032714
Syne1	Syne1	exact	ENSMUSG00000096054
Syngr1	Syngr1	exact	ENSMUSG00000022415
Synj2	Synj2	exact	ENSMUSG00000023805
Synpo2L	Synpo2l	case_insensitive	ENSMUSG00000039376
Synrg	Synrg	exact	ENSMUSG00000034940
Syt11	Syt11	exact	ENSMUSG00000068923
Syt12	Syt12	exact	ENSMUSG00000049303
Syt16	Syt16	exact	ENSMUSG00000044912
Syt8	Syt8	exact	ENSMUSG00000031098
Sytl2	Sytl2	exact	ENSMUSG00000030616
Tab3	Tab3	exact	ENSMUSG00000035476
Tacstd2	Tacstd2	exact	ENSMUSG00000051397
Taf1D	Taf1d	case_insensitive	ENSMUSG00000031939
Taf9B	Taf9b	case_insensitive	ENSMUSG00000047242
Tagln2	Tagln2	exact	ENSMUSG00000026547
Tanc1	Tanc1	exact	ENSMUSG00000035168
Tapbp	Tapbp	exact	ENSMUSG00000024308
Tbc1D19	Tbc1d19	case_insensitive	ENSMUSG00000039178
Tbc1D2	Tbc1d2	case_insensitive	ENSMUSG00000039813
Tbcel	Tbcel	exact	ENSMUSG00000037287
Tcea2	Tcea2	exact	ENSMUSG00000059540
Tceal1	Tceal1	exact	ENSMUSG00000049536
Tceal7	Tceal7	exact	ENSMUSG00000079428
Tcte2	Tcte2	exact	ENSMUSG00000038347
Tctex1D2		not_found	
Tctn2	Tctn2	exact	ENSMUSG00000118662
Tdrkh	Tdrkh	exact	ENSMUSG00000041912
Tead2	Tead2	exact	ENSMUSG00000030796
Tead4	Tead4	exact	ENSMUSG00000030353
Tec	Tec	exact	ENSMUSG00000029217
Tenm4	Tenm4	exact	ENSMUSG00000048078
Tesc	Tesc	exact	ENSMUSG00000029359
Tex264	Tex264	exact	ENSMUSG00000040813
Tfcp2L1	Tfcp2l1	case_insensitive	ENSMUSG00000026380
Tff2	Tff2	exact	ENSMUSG00000024028
Tgfb1I1	Tgfb1i1	case_insensitive	ENSMUSG00000030782
Tgfbi	Tgfbi	exact	ENSMUSG00000035493
Tgfbr2	Tgfbr2	exact	ENSMUSG00000032440
Tgm1	Tgm1	exact	ENSMUSG00000022218
Tgm2	Tgm2	exact	ENSMUSG00000037820
Tgm5	Tgm5	exact	ENSMUSG00000053675
Thbs1	Thbs1	exact	ENSMUSG00000040152
Them6	Them6	exact	ENSMUSG00000056665
Thsd4	Thsd4	exact	ENSMUSG00000032289
Timm17A	Timm17a	case_insensitive	ENSMUSG00000062580
Timp1	Timp1	exact	ENSMUSG00000001131
Timp2	Timp2	exact	ENSMUSG00000017466
Timp3	Timp3	exact	ENSMUSG00000020044
Tinagl1	Tinagl1	exact	ENSMUSG00000028776
Tirap	Tirap	exact	ENSMUSG00000032041
Tjp1	Tjp1	exact	ENSMUSG00000030516
Tjp2	Tjp2	exact	ENSMUSG00000024812
Tk2	Tk2	exact	ENSMUSG00000035824
Tlcd1	Tlcd1	exact	ENSMUSG00000019437
Tle2	Tle2	exact	ENSMUSG00000034771
Tle3	Tle3	exact	ENSMUSG00000032280
Tle6	Tle6	exact	ENSMUSG00000034758
Tln2	Tln2	exact	ENSMUSG00000052698
Tlr2	Tlr2	exact	ENSMUSG00000027995
Tlr3	Tlr3	exact	ENSMUSG00000031639
Tlr4	Tlr4	exact	ENSMUSG00000039005
Tlr6	Tlr6	exact	ENSMUSG00000051498
Tm4Sf1	Tm4sf1	case_insensitive	ENSMUSG00000027800
Tm4Sf4	Tm4sf4	case_insensitive	ENSMUSG00000027801
Tma7	Tma7	exact	ENSMUSG00000091537
Tmbim1	Tmbim1	exact	ENSMUSG00000006301
Tmbim4	Tmbim4	exact	ENSMUSG00000020225
Tmc5	Tmc5	exact	ENSMUSG00000030650
Tmc7	Tmc7	exact	ENSMUSG00000042246
Tmco3	Tmco3	exact	ENSMUSG00000038497
Tmed8	Tmed8	exact	ENSMUSG00000034111
Tmed9	Tmed9	exact	ENSMUSG00000058569
Tmem106C	Tmem106c	case_insensitive	ENSMUSG00000052369
Tmem107	Tmem107	exact	ENSMUSG00000020895
Tmem108	Tmem108	exact	ENSMUSG00000042757
Tmem125	Tmem125	exact	ENSMUSG00000050854
Tmem132A	Tmem132a	case_insensitive	ENSMUSG00000024736
Tmem136		not_found	
Tmem17	Tmem17	exact	ENSMUSG00000049904
Tmem173		not_found	
Tmem176B	Tmem176b	case_insensitive	ENSMUSG00000029810
Tmem181C-Ps	Tmem181c-ps	case_insensitive	ENSMUSG00000093880
Tmem184C	Tmem184c	case_insensitive	ENSMUSG00000031617
Tmem188		not_found	
Tmem2		not_found	
Tmem216	Tmem216	exact	ENSMUSG00000024667
Tmem218	Tmem218	exact	ENSMUSG00000032121
Tmem229A	Tmem229a	case_insensitive	ENSMUSG00000048022
Tmem231	Tmem231	exact	ENSMUSG00000031951
Tmem40	Tmem40	exact	ENSMUSG00000059900
Tmem43	Tmem43	exact	ENSMUSG00000030095
Tmem62	Tmem62	exact	ENSMUSG00000054484
Tmem63A	Tmem63a	case_insensitive	ENSMUSG00000026519
Tmem74B	Tmem74b	case_insensitive	ENSMUSG00000044364
Tmie	Tmie	exact	ENSMUSG00000049555
Tmpo	Tmpo	exact	ENSMUSG00000019961
Tmprss2	Tmprss2	exact	ENSMUSG00000000385
Tmprss4	Tmprss4	exact	ENSMUSG00000032091
Tmprss7	Tmprss7	exact	ENSMUSG00000033177
Tmsb4X	Tmsb4x	case_insensitive	ENSMUSG00000049775
Tmtc2	Tmtc2	exact	ENSMUSG00000036019
Tmx4	Tmx4	exact	ENSMUSG00000034723
Tnc	Tnc	exact	ENSMUSG00000028364
Tnf	Tnf	exact	ENSMUSG00000024401
Tnfaip1	Tnfaip1	exact	ENSMUSG00000017615
Tnfaip2	Tnfaip2	exact	ENSMUSG00000021281
Tnfaip3	Tnfaip3	exact	ENSMUSG00000019850
Tnfaip8	Tnfaip8	exact	ENSMUSG00000062210
Tnfrsf10B	Tnfrsf10b	case_insensitive	ENSMUSG00000022074
Tnfrsf11B	Tnfrsf11b	case_insensitive	ENSMUSG00000063727
Tnfrsf12A	Tnfrsf12a	case_insensitive	ENSMUSG00000023905
Tnfrsf1B	Tnfrsf1b	case_insensitive	ENSMUSG00000028599
Tnfrsf21	Tnfrsf21	exact	ENSMUSG00000023915
Tnfrsf8	Tnfrsf8	exact	ENSMUSG00000028602
Tnfsf9	Tnfsf9	exact	ENSMUSG00000035678
Tnip3	Tnip3	exact	ENSMUSG00000044162
Tnk2	Tnk2	exact	ENSMUSG00000022791
Tnks1Bp1	Tnks1bp1	case_insensitive	ENSMUSG00000033955
Tnni2	Tnni2	exact	ENSMUSG00000031097
Tns1	Tns1	exact	ENSMUSG00000055322
Tns3	Tns3	exact	ENSMUSG00000020422
Tns4	Tns4	exact	ENSMUSG00000017607
Tomm20	Tomm20	exact	ENSMUSG00000093904
Tomm7	Tomm7	exact	ENSMUSG00000028998
Tor3A	Tor3a	case_insensitive	ENSMUSG00000060519
Tor4A	Tor4a	case_insensitive	ENSMUSG00000059555
Tpbg	Tpbg	exact	ENSMUSG00000035274
Tpcn1	Tpcn1	exact	ENSMUSG00000032741
Tpd52L1	Tpd52l1	case_insensitive	ENSMUSG00000000296
Tpgs2	Tpgs2	exact	ENSMUSG00000024269
Tpm2	Tpm2	exact	ENSMUSG00000028464
Tpm3	Tpm3	exact	ENSMUSG00000027940
Tpm4	Tpm4	exact	ENSMUSG00000031799
Tpp2	Tpp2	exact	ENSMUSG00000041763
Tpst1	Tpst1	exact	ENSMUSG00000034118
Trappc12	Trappc12	exact	ENSMUSG00000020628
Trappc2	Trappc2	exact	ENSMUSG00000079317
Trex2	Trex2	exact	ENSMUSG00000031372
Trib3	Trib3	exact	ENSMUSG00000032715
Trim15	Trim15	exact	ENSMUSG00000050747
Trim29	Trim29	exact	ENSMUSG00000032013
Trim3	Trim3	exact	ENSMUSG00000036989
Trim40	Trim40	exact	ENSMUSG00000073399
Trim41	Trim41	exact	ENSMUSG00000040365
Trim7	Trim7	exact	ENSMUSG00000040350
Trip12	Trip12	exact	ENSMUSG00000026219
Trip6	Trip6	exact	ENSMUSG00000023348
Trnp1	Trnp1	exact	ENSMUSG00000056596
Trove2		not_found	
Trp53Inp1	Trp53inp1	case_insensitive	ENSMUSG00000028211
Trpm6	Trpm6	exact	ENSMUSG00000024727
Tsc22D1	Tsc22d1	case_insensitive	ENSMUSG00000022010
Tsc22D2	Tsc22d2	case_insensitive	ENSMUSG00000027806
Tshz1	Tshz1	exact	ENSMUSG00000046982
Tshz2	Tshz2	exact	ENSMUSG00000047907
Tspan15	Tspan15	exact	ENSMUSG00000037031
Tspan17	Tspan17	exact	ENSMUSG00000025875
Tspan2	Tspan2	exact	ENSMUSG00000027858
Tspan33	Tspan33	exact	ENSMUSG00000001763
Tspan4	Tspan4	exact	ENSMUSG00000025511
Tspan6	Tspan6	exact	ENSMUSG00000067377
Tspo	Tspo	exact	ENSMUSG00000041736
Ttc22	Ttc22	exact	ENSMUSG00000034919
Ttc26		not_found	
Ttc30B		not_found	
Ttc39A	Ttc39a	case_insensitive	ENSMUSG00000028555
Ttc8	Ttc8	exact	ENSMUSG00000021013
Ttc9	Ttc9	exact	ENSMUSG00000042734
Ttll1	Ttll1	exact	ENSMUSG00000022442
Ttr	Ttr	exact	ENSMUSG00000061808
Tubb6	Tubb6	exact	ENSMUSG00000001473
Tuft1	Tuft1	exact	ENSMUSG00000005968
Tulp2	Tulp2	exact	ENSMUSG00000023467
Twf2	Twf2	exact	ENSMUSG00000023277
Twsg1	Twsg1	exact	ENSMUSG00000024098
Txndc15	Txndc15	exact	ENSMUSG00000021497
Uba7	Uba7	exact	ENSMUSG00000032596
Ubd	Ubd	exact	ENSMUSG00000035186
Ube2A	Ube2a	case_insensitive	ENSMUSG00000016308
Ube2C	Ube2c	case_insensitive	ENSMUSG00000001403
Ube2H	Ube2h	case_insensitive	ENSMUSG00000039159
Ube2N	Ube2n	case_insensitive	ENSMUSG00000074781
Ubqln1	Ubqln1	exact	ENSMUSG00000005312
Ubtd2	Ubtd2	exact	ENSMUSG00000044949
Ubxn11	Ubxn11	exact	ENSMUSG00000012126
Ubxn6	Ubxn6	exact	ENSMUSG00000019578
Ugdh	Ugdh	exact	ENSMUSG00000029201
Uggt2	Uggt2	exact	ENSMUSG00000042104
Uhrf1Bp1L		not_found	
Unc119B	Unc119b	case_insensitive	ENSMUSG00000046562
Unc13A	Unc13a	case_insensitive	ENSMUSG00000034799
Unc13D	Unc13d	case_insensitive	ENSMUSG00000057948
Unc5C	Unc5c	case_insensitive	ENSMUSG00000059921
Upk1B	Upk1b	case_insensitive	ENSMUSG00000049436
Ush1G	Ush1g	case_insensitive	ENSMUSG00000045288
Usp18	Usp18	exact	ENSMUSG00000030107
Usp46	Usp46	exact	ENSMUSG00000054814
Uts2	Uts2	exact	ENSMUSG00000028963
Vamp5	Vamp5	exact	ENSMUSG00000073002
Vamp8	Vamp8	exact	ENSMUSG00000050732
Vangl1	Vangl1	exact	ENSMUSG00000027860
Vapb	Vapb	exact	ENSMUSG00000054455
Vasn	Vasn	exact	ENSMUSG00000039646
Vcam1	Vcam1	exact	ENSMUSG00000027962
Vgll3	Vgll3	exact	ENSMUSG00000091243
Vill	Vill	exact	ENSMUSG00000038775
Vim	Vim	exact	ENSMUSG00000026728
Vmp1	Vmp1	exact	ENSMUSG00000018171
Vnn1	Vnn1	exact	ENSMUSG00000037440
Vnn3	Vnn3	exact	ENSMUSG00000020010
Vopp1	Vopp1	exact	ENSMUSG00000037788
Vps33A	Vps33a	case_insensitive	ENSMUSG00000029434
Vps37B	Vps37b	case_insensitive	ENSMUSG00000066278
Vrk1	Vrk1	exact	ENSMUSG00000021115
Vsig1	Vsig1	exact	ENSMUSG00000031430
Vwa5A	Vwa5a	case_insensitive	ENSMUSG00000023186
Wars		not_found	
Wasf1	Wasf1	exact	ENSMUSG00000019831
Wbp1L	Wbp1l	case_insensitive	ENSMUSG00000047731
Wdpcp	Wdpcp	exact	ENSMUSG00000020319
Wdr34		not_found	
Wdr47	Wdr47	exact	ENSMUSG00000040389
Wdr6	Wdr6	exact	ENSMUSG00000066357
Wdr60		not_found	
Wdr77	Wdr77	exact	ENSMUSG00000000561
Wdr78		not_found	
Wfdc1	Wfdc1	exact	ENSMUSG00000023336
Wfdc18	Wfdc18	exact	ENSMUSG00000000983
Wfdc2	Wfdc2	exact	ENSMUSG00000017723
Wls	Wls	exact	ENSMUSG00000028173
Wnt4	Wnt4	exact	ENSMUSG00000036856
Wnt7A	Wnt7a	case_insensitive	ENSMUSG00000030093
Wnt7B	Wnt7b	case_insensitive	ENSMUSG00000022382
Wrb		not_found	
Wtip	Wtip	exact	ENSMUSG00000036459
Wwc1	Wwc1	exact	ENSMUSG00000018849
Wwc2	Wwc2	exact	ENSMUSG00000031563
Wwp2	Wwp2	exact	ENSMUSG00000031930
Wwtr1	Wwtr1	exact	ENSMUSG00000027803
Xaf1	Xaf1	exact	ENSMUSG00000040483
Xpc	Xpc	exact	ENSMUSG00000030094
Xpo5	Xpo5	exact	ENSMUSG00000067150
Yap1	Yap1	exact	ENSMUSG00000053110
Ypel3	Ypel3	exact	ENSMUSG00000042675
Ypel5	Ypel5	exact	ENSMUSG00000039770
Ythdf3	Ythdf3	exact	ENSMUSG00000047213
Ywhab	Ywhab	exact	ENSMUSG00000018326
Zbp1	Zbp1	exact	ENSMUSG00000027514
Zbtb32	Zbtb32	exact	ENSMUSG00000006310
Zbtb7C	Zbtb7c	case_insensitive	ENSMUSG00000044646
Zc2Hc1A	Zc2hc1a	case_insensitive	ENSMUSG00000043542
Zc4H2	Zc4h2	case_insensitive	ENSMUSG00000035062
Zcchc3	Zcchc3	exact	ENSMUSG00000074682
Zdhhc8	Zdhhc8	exact	ENSMUSG00000060166
Zfhx3	Zfhx3	exact	ENSMUSG00000038872
Zfp185	Zfp185	exact	ENSMUSG00000031351
Zfp30	Zfp30	exact	ENSMUSG00000047473
Zfp365	Zfp365	exact	ENSMUSG00000037855
Zfp37	Zfp37	exact	ENSMUSG00000028389
Zfp52	Zfp52	exact	ENSMUSG00000051341
Zfp57	Zfp57	exact	ENSMUSG00000036036
Zfp706	Zfp706	exact	ENSMUSG00000062397
Zfpm2	Zfpm2	exact	ENSMUSG00000022306
Zkscan6	Zkscan6	exact	ENSMUSG00000018347
Zmat1	Zmat1	exact	ENSMUSG00000052676
Zmat3	Zmat3	exact	ENSMUSG00000027663
Zmpste24	Zmpste24	exact	ENSMUSG00000043207
Zmynd15	Zmynd15	exact	ENSMUSG00000040829
Zmynd8	Zmynd8	exact	ENSMUSG00000039671
Znf512B		not_found	
Znrf1	Znrf1	exact	ENSMUSG00000033545
Zscan2	Zscan2	exact	ENSMUSG00000038797
