signature	target	n_overlap	overlap_genes
YAP_SIGNALING_GENES	D-shared	0	
YAP_SIGNALING_GENES	F-specific-global	30	ARHGAP22;ARHGAP29;ARHGEF17;ARID3A;ARNT2;BICD1;CGNL1;DENND2C;GCNT1;GRB10;KLHL13;LAMA3;LATS2;PCSK6;PGAP1;PPARG;PPP1R9A;PTPN14;PTPRT;RAPH1;RASGEF1B;RASSF8;SEMA3C;SLC25A48;SPON1;SSH1;TJP1;TLN2;WWC1;WWC2
YAP_SIGNALING_GENES	P-specific	0	
REVIVAL_STEM_CELL_GENES	D-shared	0	
REVIVAL_STEM_CELL_GENES	F-specific-global	10	ARHGEF28;DIP2C;EPHA4;FAM135A;KIF20B;PNPT1;PPFIBP2;SLC4A4;TANC1;ZFHX3
REVIVAL_STEM_CELL_GENES	P-specific	0	
FETAL_SPHEROID_EPITHELIUM_GENES	D-shared	0	
FETAL_SPHEROID_EPITHELIUM_GENES	F-specific-global	24	ABCC4;ACSM3;ARHGAP44;CCDC92;CDH13;CGNL1;DDAH1;EFNA5;EPHA4;FLNC;GCNT1;GLIS3;GNAI1;GTSE1;HS6ST2;LAMA3;MGAT4C;SAMD5;SCEL;SLC25A48;SPATA6;SUSD4;TNNI2;WWC2
FETAL_SPHEROID_EPITHELIUM_GENES	P-specific	0	
REGENERATIVE_EPITHELIUM	D-shared	0	
REGENERATIVE_EPITHELIUM	F-specific-global	9	BMP5;CDH11;DDAH1;EYA2;FBN1;LAMA4;POSTN;RUNX2;SVEP1
REGENERATIVE_EPITHELIUM	P-specific	0	
FETAL_INTESTINE_GENES	D-shared	0	
FETAL_INTESTINE_GENES	F-specific-global	135	ABCC4;ACACB;ACSBG1;ACSM3;ADAM32;AGPAT4;AHI1;ANKRD1;ANKRD50;ARHGAP22;ARHGAP29;ARHGAP44;ARHGEF28;ARSB;BACE2;BAIAP2L1;BCL2;BICC1;CCDC92;CDH13;CDH6;CELSR1;CGNL1;CHIC1;CMTM8;CNNM2;COL4A5;CPNE8;CTTNBP2NL;DDAH1;DISP1;DLG5;DLGAP1;DYNC2H1;EBF1;EFNA5;EML1;ERMP1;EVA1C;EVC;EVC2;FAM20C;FARP1;FGGY;FLNC;FLRT2;FRY;GARNL3;GCNT1;GNA14;GNAI1;GRAMD1B;HIF3A;HLCS;IGSF1;IL7;IRAK1BP1;ITGA2B;KCTD1;LAMA3;LRP6;LRRC49;MANBA;MAP1B;MBOAT2;MCC;MYO5C;NBEA;NPHP1;NTRK2;OPHN1;PACRG;PAK3;PALD1;PARVA;PCBP3;PDGFC;PDZRN3;PIK3C2G;PKIA;PLEKHM3;PPM1K;PPP2R2B;PRKCA;PTPN14;PTPRB;PTPRR;PTPRS;RASGRF1;RASGRP3;RBMS3;RELN;RFX2;RHOJ;RILPL1;RMDN2;RORA;RPGRIP1L;RUNX1;SCEL;SESTD1;SETBP1;SGSM1;SH3PXD2B;SLC22A23;SLC22A4;SLC25A48;SLC45A4;SLCO3A1;SMAD6;SPATA6;SPIRE1;SPSB4;SRGAP3;STXBP4;SULT1C2;SUSD4;TBC1D19;TEC;TENM4;THSD4;TMEM108;TMTC2;TNNI2;TPST1;TSHZ2;UGGT2;UNC5C;WDPCP;WWC1;WWC2;ZBTB7C;ZC2HC1A;ZFP30;ZFPM2
FETAL_INTESTINE_GENES	P-specific	1	MKRN3
YAP_SIGNALING_GENES	F-lineage-Adrenal	6	ARHGAP29;BICD1;LAMA3;PCSK6;PTPRT;TLN2
YAP_SIGNALING_GENES	F-lineage-Liver	3	BICD1;GCNT1;PTPRT
YAP_SIGNALING_GENES	F-lineage-Skin	7	ARNT2;BICD1;GCNT1;KLHL13;PPP1R9A;PTPRT;SLC25A48
YAP_SIGNALING_GENES	F-lineage-Spleen	7	KLHL13;LAMA3;PGAP1;PPP1R9A;PTPRT;TLN2;WWC1
YAP_SIGNALING_GENES	F-lineage-Stomach	4	ARID3A;BICD1;PGAP1;PTPRT
YAP_SIGNALING_GENES	F-lineage-Thymus	21	ARHGAP22;ARHGAP29;ARHGEF17;ARID3A;ARNT2;CGNL1;GCNT1;GRB10;LATS2;PGAP1;PPARG;PPP1R9A;PTPN14;RAPH1;RASSF8;SEMA3C;SPON1;SSH1;TJP1;TLN2;WWC2
YAP_SIGNALING_GENES	F-lineage-Thyroid	6	DENND2C;KLHL13;PCSK6;PTPRT;RASGEF1B;SEMA3C
REVIVAL_STEM_CELL_GENES	F-lineage-Adrenal	1	EPHA4
REVIVAL_STEM_CELL_GENES	F-lineage-Liver	1	KIF20B
REVIVAL_STEM_CELL_GENES	F-lineage-Skin	2	SLC4A4;ZFHX3
REVIVAL_STEM_CELL_GENES	F-lineage-Spleen	2	SLC4A4;ZFHX3
REVIVAL_STEM_CELL_GENES	F-lineage-Stomach	1	KIF20B
REVIVAL_STEM_CELL_GENES	F-lineage-Thymus	9	ARHGEF28;DIP2C;EPHA4;FAM135A;PNPT1;PPFIBP2;SLC4A4;TANC1;ZFHX3
REVIVAL_STEM_CELL_GENES	F-lineage-Thyroid	0	
FETAL_SPHEROID_EPITHELIUM_GENES	F-lineage-Adrenal	8	ACSM3;CDH13;EFNA5;EPHA4;GLIS3;HS6ST2;LAMA3;MGAT4C
FETAL_SPHEROID_EPITHELIUM_GENES	F-lineage-Liver	4	CDH13;GCNT1;GTSE1;MGAT4C
FETAL_SPHEROID_EPITHELIUM_GENES	F-lineage-Skin	6	GCNT1;GLIS3;HS6ST2;MGAT4C;SAMD5;SLC25A48
FETAL_SPHEROID_EPITHELIUM_GENES	F-lineage-Spleen	10	ACSM3;ARHGAP44;CDH13;FLNC;GLIS3;GNAI1;HS6ST2;LAMA3;MGAT4C;SAMD5
FETAL_SPHEROID_EPITHELIUM_GENES	F-lineage-Stomach	4	CDH13;GLIS3;MGAT4C;SCEL
FETAL_SPHEROID_EPITHELIUM_GENES	F-lineage-Thymus	18	ABCC4;ACSM3;CCDC92;CDH13;CGNL1;DDAH1;EFNA5;EPHA4;FLNC;GCNT1;GLIS3;GNAI1;HS6ST2;MGAT4C;SAMD5;SPATA6;SUSD4;WWC2
FETAL_SPHEROID_EPITHELIUM_GENES	F-lineage-Thyroid	5	ACSM3;HS6ST2;MGAT4C;SAMD5;TNNI2
REGENERATIVE_EPITHELIUM	F-lineage-Adrenal	1	BMP5
REGENERATIVE_EPITHELIUM	F-lineage-Liver	0	
REGENERATIVE_EPITHELIUM	F-lineage-Skin	2	BMP5;RUNX2
REGENERATIVE_EPITHELIUM	F-lineage-Spleen	3	EYA2;LAMA4;POSTN
REGENERATIVE_EPITHELIUM	F-lineage-Stomach	1	BMP5
REGENERATIVE_EPITHELIUM	F-lineage-Thymus	5	CDH11;DDAH1;FBN1;RUNX2;SVEP1
REGENERATIVE_EPITHELIUM	F-lineage-Thyroid	0	
FETAL_INTESTINE_GENES	F-lineage-Adrenal	23	ACSM3;AGPAT4;ARHGAP29;BCL2;CDH13;EBF1;EFNA5;FRY;IL7;IRAK1BP1;LAMA3;MCC;RASGRF1;RFX2;RUNX1;SETBP1;SGSM1;SLC22A23;STXBP4;TENM4;TMTC2;WDPCP;ZFPM2
FETAL_INTESTINE_GENES	F-lineage-Liver	19	ACSBG1;CDH13;CNNM2;DLGAP1;GCNT1;IGSF1;ITGA2B;NBEA;OPHN1;PACRG;PAK3;PPP2R2B;SLC22A4;SRGAP3;STXBP4;SULT1C2;TEC;TENM4;WDPCP
FETAL_INTESTINE_GENES	F-lineage-Skin	31	ADAM32;AGPAT4;ARSB;CDH6;DLGAP1;FGGY;GCNT1;GNA14;GRAMD1B;IRAK1BP1;LRRC49;NBEA;NPHP1;PAK3;PCBP3;PPM1K;PPP2R2B;RASGRP3;RBMS3;RELN;RMDN2;RPGRIP1L;SLC25A48;SMAD6;SPSB4;STXBP4;TBC1D19;TMEM108;UNC5C;WDPCP;ZFPM2
FETAL_INTESTINE_GENES	F-lineage-Spleen	44	ACSM3;AHI1;ANKRD1;ANKRD50;ARHGAP44;BICC1;CDH13;CMTM8;CNNM2;DLGAP1;DYNC2H1;EML1;EVC;EVC2;FGGY;FLNC;FLRT2;GARNL3;GNAI1;GRAMD1B;KCTD1;LAMA3;MAP1B;NBEA;OPHN1;PACRG;PAK3;PDZRN3;PIK3C2G;PKIA;PPP2R2B;RELN;RFX2;SMAD6;SRGAP3;STXBP4;TBC1D19;TENM4;THSD4;TMEM108;TMTC2;WDPCP;WWC1;ZFPM2
FETAL_INTESTINE_GENES	F-lineage-Stomach	22	CDH13;CDH6;CNNM2;DLGAP1;FLRT2;IRAK1BP1;OPHN1;PACRG;PPP2R2B;PTPRR;RELN;RPGRIP1L;SCEL;SGSM1;SRGAP3;STXBP4;TENM4;TMEM108;TSHZ2;UNC5C;WDPCP;ZFP30
FETAL_INTESTINE_GENES	F-lineage-Thymus	96	ABCC4;ACACB;ACSM3;AGPAT4;AHI1;ANKRD1;ANKRD50;ARHGAP22;ARHGAP29;ARHGEF28;ARSB;BACE2;BAIAP2L1;BICC1;CCDC92;CDH13;CELSR1;CGNL1;CHIC1;CNNM2;COL4A5;CPNE8;CTTNBP2NL;DDAH1;DISP1;DLG5;DLGAP1;DYNC2H1;EBF1;EFNA5;ERMP1;EVA1C;EVC;EVC2;FAM20C;FARP1;FGGY;FLNC;FLRT2;FRY;GARNL3;GCNT1;GNA14;GNAI1;HIF3A;HLCS;IRAK1BP1;LRP6;MANBA;MAP1B;MBOAT2;MYO5C;NTRK2;OPHN1;PACRG;PAK3;PALD1;PARVA;PDGFC;PDZRN3;PLEKHM3;PPP2R2B;PRKCA;PTPN14;PTPRB;PTPRS;RASGRP3;RELN;RFX2;RHOJ;RILPL1;RORA;SESTD1;SETBP1;SH3PXD2B;SLC45A4;SLCO3A1;SPATA6;SPIRE1;SRGAP3;STXBP4;SUSD4;TEC;TENM4;THSD4;TMEM108;TMTC2;TPST1;TSHZ2;UGGT2;UNC5C;WDPCP;WWC2;ZBTB7C;ZC2HC1A;ZFPM2
FETAL_INTESTINE_GENES	F-lineage-Thyroid	11	ACSM3;DLGAP1;GRAMD1B;IRAK1BP1;PACRG;PPP2R2B;RPGRIP1L;STXBP4;TMEM108;TNNI2;WDPCP
